-341.6414,3320.088,2380.777,-183.6138,-901.0895,302.9128,-54.64952,-917.2488,709.3779,-158.4535,-519.1025,246.0039,-328.3054,-302.4133,-208.5722,126.3539,-6.833381,2.608732,-241.9478,-125.7727,646.4438,548.4894,55.55855,-522.3184,-820.1041,877.0396,35.62819,449.0317,-240.6461,476.9975,249.9602,303.237,-234.4601,-97.48832,177.9661,507.0764,669.127,396.1265,-77.28703,-70.68318,259.5792,146.4827,763.4185,120.4482,194.1594,184.0824,115.4261,-56.87198,-18.13624,-246.117,-324.9521,416.6107,-55.05003,77.67855,-108.1274,-108.3561,-148.7407,212.9872,198.3066,314.9762,228.5977,-4.316967,144.3103,135.3608,-40.77436,-51.04671,-107.0974,-271.3115,-64.88969,342.8642,177.1949,108.7889,74.23984,59.82808,-36.97179,-95.4057,21.41279,-105.892,-115.3841,-84.25776,-65.4876,-31.95629,-93.46799,51.26653,-53.90901,-6.910075,17.42399,103.6036,-5.79232,-51.43114,-41.68299,-1.387041,-45.33168,14.72106,26.07572,0,0,0,0,0,0
-4587.451,-2603.884,-887.629,-697.2852,-507.0515,275.6208,-472.1417,-95.60397,-812.2057,-229.5942,-1418.106,429.8454,-815.5182,373.8712,-974.8636,48.55326,1075.128,846.8256,-408.5185,137.4141,-669.8411,203.4383,-280.4597,-878.5153,-339.8636,933.4171,-225.336,-295.0302,-741.659,-299.4266,-321.4174,-169.2716,-462.6642,221.7072,531.2828,-305.1598,-181.7417,-62.67848,352.0137,-34.48943,-1.847254,488.1138,-169.6527,-426.263,-108.7192,292.9402,343.6387,-290.4621,194.7684,-157.5396,-146.6902,-227.0381,94.20075,-171.4911,181.8865,10.5085,92.65652,-20.35131,23.86486,-235.4856,-58.06345,50.93963,-2.841541,-51.69025,-90.88358,-98.12287,-118.6435,221.5636,10.2278,-18.27975,-98.96334,-64.38577,84.30098,83.772,53.60164,-17.2237,10.84069,59.23819,91.39904,-14.0101,-10.70513,-44.43921,-10.59809,-59.25241,-57.75611,-29.98913,-63.42139,-27.18126,4.2387,-1.338297,41.67848,-19.3346,-6.953669,-7.02274,14.72384,0,0,0,0,0,0
736.3083,2883.461,1535.74,1044.873,-1664.718,938.2421,-3.970349,-1536.382,237.4895,-222.4189,-401.9861,-1046.505,-183.6222,-632.8477,1008.466,-1523.124,678.4581,-174.6766,-345.6503,-287.516,836.8755,1078.997,674.7498,-253.6349,114.4445,-195.8022,199.4253,-780.8914,195.5521,285.0242,-79.28667,-176.9482,328.0337,-84.79486,266.6226,-658.6633,-167.4471,-313.7588,138.0298,-289.7455,146.7899,59.08271,21.41014,-309.0156,136.5287,258.5559,-111.0302,13.35504,159.2258,22.49069,101.4468,-9.349601,259.3922,-102.9596,-347.1295,-34.70641,55.01226,53.41611,-204.1764,34.07759,15.77853,-70.51694,23.36804,184.8486,150.9955,-40.15128,-6.188639,43.76075,1.629202,-275.0031,7.0707,-117.2664,43.78062,-80.34835,-57.58355,9.292747,29.427,80.20034,36.19815,64.15543,-73.44433,47.8274,131.5089,-1.869147,-18.9365,84.76058,-13.1611,-21.02037,1.373393,-5.012153,34.49222,-6.459044,43.00585,-49.37877,-19.60688,0,0,0,0,0,0
1047.861,-1917.745,-1081.18,-121.6348,484.6897,497.727,-369.512,-34.32816,-196.3978,-745.9696,-2948.946,-262.428,-270.3513,399.3955,1324.183,2.267241,-732.5429,-224.8151,-899.5708,-480.086,-247.2792,-228.0256,-44.51251,-98.87149,-174.3868,-92.20345,150.1238,101.8636,701.9478,-109.3909,144.9759,-51.21157,-276.1254,-13.11903,27.07458,-34.44673,212.4517,240.2173,-252.2763,106.1187,-2.836049,-682.0647,2.906485,-643.1099,-760.9899,-355.5868,-62.28287,-329.3569,-17.828,2.55273,44.293,153.4933,-42.82339,-17.80832,166.1235,-192.4599,-27.17585,70.37587,99.53046,3.998286,-49.8483,-24.95461,-58.18451,87.77815,99.43797,163.925,22.19142,-18.65927,-109.5479,71.27247,111.3042,-47.96636,-17.2452,-47.68104,105.7429,45.14344,-35.84734,94.80068,-53.95473,6.141732,-32.89249,150.7496,-65.37866,26.41998,41.88281,-44.06882,37.83598,18.25786,-64.46312,11.26841,-9.010098,-27.7395,14.65364,-7.468404,-14.25464,0,0,0,0,0,0
1739.288,-2132.177,-917.397,-53.00391,926.4836,439.2343,197.1329,-28.18901,880.9376,-759.0605,-2374.816,-646.7095,161.4777,350.3459,779.9076,101.9398,-920.2599,64.95316,-397.9252,-393.3361,-511.1977,320.2753,170.8717,-138.2803,181.4373,-151.4802,-241.8681,368.0571,245.5263,-102.48,-143.5657,-442.4774,-56.3718,201.2946,71.44258,532.6365,-16.29891,-393.3934,298.5263,-276.3489,13.1809,364.2411,123.2341,1014.427,642.9839,502.4388,-72.06693,180.3861,-22.29851,-81.26039,30.18675,-213.1624,-62.76441,130.9555,-43.02445,259.017,-4.216813,-78.11409,-137.3768,34.09048,-149.1019,-87.5878,80.9209,-181.916,-90.94061,4.262031,41.45887,67.02672,54.83379,-16.42192,-116.3011,46.22874,21.73652,32.022,-11.32485,46.26729,94.05415,-66.39089,164.1918,99.07349,69.65088,19.09575,6.486591,6.882067,22.5405,48.61482,2.225247,-18.45449,41.99067,-21.80236,-6.308678,10.98328,-4.736061,32.17133,3.136295,0,0,0,0,0,0
-2066.425,-3663.43,-1361.309,-934.2299,417.0497,1696.023,-214.4593,-106.7891,373.9286,123.9481,238.6907,-1484.161,100.6774,-38.46507,-299.8111,191.6299,527.98,290.7404,240.2342,-50.26142,170.8752,-284.0317,25.70476,-31.88565,413.6644,396.7817,-296.4466,-610.0571,349.1923,473.5569,97.19009,217.9634,-578.4942,-272.6576,-21.62855,171.9877,-210.442,-607.3934,232.8905,519.8359,53.31844,-356.5892,357.9451,216.1191,403.6239,-504.7529,80.43334,-142.1697,-521.0839,-170.5462,-276.291,443.0709,150.3085,-219.9485,282.0043,-31.10685,-323.4427,-278.1855,-19.88404,-187.3766,63.15443,-159.06,-244.3759,237.7341,184.7667,-106.7833,-43.8518,5.796027,-26.85806,-222.1026,-27.22825,97.71289,0.7806987,-45.77651,-77.58804,25.95567,11.03189,3.074253,-37.72945,-26.9175,80.9123,-9.184147,-109.1528,89.41786,-28.24988,55.5094,-13.33048,15.38009,103.3726,-17.54546,22.47261,-2.419367,36.85818,0.5808489,-19.67614,0,0,0,0,0,0
-2664.173,-2148.548,-2359.195,-1064.677,-321.7203,-610.3265,322.88,-201.8489,401.4338,607.8114,847.926,129.6961,197.3814,640.2297,1180.773,428.179,573.5103,-607.864,20.84388,-732.5125,199.757,-829.9409,245.9247,-200.5086,302.6341,657.3418,-141.6965,-398.9432,708.309,-358.246,-173.6397,-175.3068,10.25648,281.1198,-450.2444,-294.7386,53.20176,508.4275,-496.3392,-77.43373,474.9437,619.3565,-43.0127,8.051948,64.36273,526.6783,477.9398,-72.30945,52.39983,-22.3322,202.6667,383.4367,317.8054,86.20233,-52.3014,216.8613,64.1376,-210.2069,168.5215,110.0261,-90.51981,147.711,-5.390323,89.5053,-82.64314,197.1065,-85.20567,-124.1749,-110.19,-3.168664,-92.82394,35.54194,-58.73769,-103.1964,4.569693,-10.35573,74.46121,-30.41896,-173.5029,-53.00072,83.95882,-12.68573,6.996428,19.75494,-8.704369,22.9623,1.566978,-66.98802,26.30932,36.44248,0.8452004,17.55151,47.75644,-20.66438,-13.52887,0,0,0,0,0,0
-1668.417,-2151.43,-2712.999,-623.6866,27.99316,-425.0662,242.6907,-375.8565,-28.7738,847.7615,1141.022,153.7387,-409.3043,-52.8931,1045.34,161.0295,153.1181,-721.1057,-106.4766,-378.4964,155.0494,-571.7917,-436.4393,464.8015,-468.3267,558.5524,368.894,237.5281,375.3882,-56.63729,-298.3716,-255.8136,-165.89,-207.3255,771.9166,207.2056,488.8018,-816.1136,411.5406,-571.7758,-447.4809,374.1185,207.0753,-405.6596,155.6668,-297.697,-149.6255,295.2035,74.30471,509.3065,-95.1338,-223.5781,-200.7502,49.20287,-33.34039,-228.1383,-41.99798,243.0892,-33.3503,-90.16417,49.32819,-18.35216,-66.91621,47.71175,-62.43923,-42.5425,54.31758,40.1242,-6.682523,38.07009,49.83336,5.250381,-22.32208,21.97545,7.087551,-130.5186,-17.12101,-81.89402,-36.08795,176.9668,-66.97588,-0.9960018,11.01128,69.08941,34.84563,-33.4883,-9.184235,48.9181,-17.46856,8.713587,-19.61158,1.185215,-20.48101,10.76836,7.215484,0,0,0,0,0,0
-2067.708,-3689.783,-1849.573,-715.7784,303.2927,1526.745,300.8279,-456.7424,594.9141,77.59927,208.4635,-1596.295,233.505,273.2046,-229.3787,44.39972,140.8537,230.9041,531.709,31.75037,626.6002,30.09962,-593.9587,-183.2156,-376.765,-360.877,27.54758,396.8036,-183.0378,343.0152,-250.334,282.9363,453.8501,195.644,-70.55529,132.2746,112.0581,64.51077,-226.5778,36.439,-110.4013,-50.99377,-327.4554,-60.00875,-164.0024,138.4014,-78.07832,-171.4604,215.4131,-27.33571,-52.15939,-14.72454,-16.18429,25.69523,-14.74008,14.59103,150.2189,171.5223,-25.16337,53.61612,-49.65372,21.31531,167.3274,-36.55906,-110.9327,89.35431,-41.84082,68.72723,13.2706,12.2353,12.23336,-37.43504,61.90588,26.18705,-41.73219,-25.74302,19.86248,-35.08101,-19.99355,9.047273,-27.8291,-0.8533372,17.46599,-32.66296,4.656645,3.431003,-9.594537,4.767178,-6.805457,-11.52953,1.063618,10.47243,7.095003,-5.482469,13.47422,0,0,0,0,0,0
-2067.708,-3689.783,-1849.573,-715.7784,303.2927,1526.745,300.8279,-456.7424,594.9141,77.59927,208.4635,-1596.295,233.505,273.2046,-229.3787,44.39972,140.8537,230.9041,531.709,31.75037,626.6002,30.09962,-593.9587,-183.2156,-376.765,-360.877,27.54758,396.8036,-183.0378,343.0152,-250.334,282.9363,453.8501,195.644,-70.55529,132.2746,112.0581,64.51077,-226.5778,36.439,-110.4013,-50.99377,-327.4554,-60.00875,-164.0024,138.4014,-78.07832,-171.4604,215.4131,-27.33571,-52.15939,-14.72454,-16.18429,25.69523,-14.74008,14.59103,150.2189,171.5223,-25.16337,53.61612,-49.65372,21.31531,167.3274,-36.55906,-110.9327,89.35431,-41.84082,68.72723,13.2706,12.2353,12.23336,-37.43504,61.90588,26.18705,-41.73219,-25.74302,19.86248,-35.08101,-19.99355,9.047273,-27.8291,-0.8533372,17.46599,-32.66296,4.656645,3.431003,-9.594537,4.767178,-6.805457,-11.52953,1.063618,10.47243,7.095003,-5.482469,13.47422,0,0,0,0,0,0
-4941.814,684.3753,-1034.594,-344.1851,263.6151,-817.5591,125.8639,-4.450347,17.34055,-35.03838,-145.4585,-232.6678,-281.0239,388.2032,-698.1888,148.7812,388.691,-316.9179,6.803014,439.4928,1.313369,93.19725,-323.6735,-153.1481,230.9883,389.6923,-154.8949,368.2068,61.15683,155.9699,38.82787,-450.1561,-89.21941,9.765583,4.870715,-195.6496,-21.57689,399.6209,-157.8137,-246.6094,74.71637,-502.4595,203.1441,203.0549,219.7501,74.97496,-236.9275,11.0582,-170.9902,288.9041,-141.0889,-214.923,-267.9897,-146.9148,-452.9826,-118.4923,415.4812,71.94247,-1.911134,59.28351,-150.2212,156.6877,-271.2937,-125.9391,475.8269,58.24091,-63.04419,-51.84381,-519.2482,-221.9162,-168.9203,-119.9622,-290.3561,-265.7536,-315.6669,-92.85242,-153.9468,-139.1221,201.5018,-79.31816,55.3747,164.5239,-110.3947,-61.36528,-94.90213,26.85111,35.78779,46.7302,-178.3323,-25.66649,-134.4751,2.23543,-0.9983737,-99.68282,-121.4797,0,0,0,0,0,0
-4301.8,951.6592,-999.5605,47.4243,-72.08781,-1381.398,-11.3285,216.0769,-478.5479,-380.287,-615.7172,-404.9201,-224.9591,300.4263,-494.5378,308.0564,150.7789,-289.3726,-130.1239,252.1323,366.1889,0.05876328,-241.1463,-98.18588,-97.04214,-127.4812,-155.5173,22.96714,215.074,52.21561,105.2319,-457.8354,183.4967,-296.0847,115.6837,6.950674,8.131893,54.6986,-52.22273,65.04656,79.25285,0.7606378,51.72236,-64.34308,-85.02319,-351.3863,-95.88563,404.0245,108.4516,-47.3882,119.8059,254.0931,6.970736,229.2824,-104.487,153.4679,234.7749,71.98269,53.2601,-133.7135,165.783,-30.55781,198.1476,31.33779,82.53975,-323.7858,-97.15293,-188.5684,240.9148,27.70798,-38.72946,-137.6795,-44.26065,83.34217,259.3452,-9.744617,-108.7955,-119.8062,17.0485,-5.856783,193.7073,-246.2366,-90.3748,-109.2596,101.6737,647.6495,142.5833,-356.4352,53.71376,110.374,240.6911,69.38251,-64.48042,57.90548,-13.24529,0,0,0,0,0,0
-4573.386,926.9261,-1155.53,-159.6776,-130.6651,-1105.288,50.79328,226.7527,-630.9654,-418.9161,-510.6533,-264.8189,-492.4727,183.4315,-596.085,76.49455,434.6732,-297.685,-200.6042,297.2794,475.0363,220.1453,-287.7815,-76.75886,56.45145,-79.24564,-70.84821,314.5038,159.9908,37.39176,190.9031,-491.2967,227.9723,76.15554,-260.2633,-120.3184,-303.4042,101.173,247.8678,-194.3486,13.39553,-104.7923,-62.55169,305.0773,-100.6771,-127.3554,-140.3967,199.8054,-13.08443,182.4281,71.77592,-23.2159,14.50061,206.1574,-13.29966,-43.24643,-41.70651,-110.7238,132.0139,90.11452,-10.63989,-31.13543,-27.51355,238.7511,-77.69187,-64.64246,77.67151,-187.3233,-0.5717842,13.38795,46.60942,-132.6712,91.50657,-135.5627,120.7217,-67.14883,53.13642,106.5871,-141.0606,-75.24211,-202.4514,-45.844,1.512379,324.5907,-30.95777,-525.6801,-137.915,128.5445,461.5634,80.5181,295.3233,217.4787,110.702,38.14656,10.99003,0,0,0,0,0,0
-3471.279,867.3159,-1726.856,610.923,-33.09143,-721.955,726.8585,568.24,-318.67,118.0129,463.1089,-213.3646,-183.5553,-688.7052,-105.3209,-939.7505,263.7447,-524.5792,-222.5177,-519.1125,-409.2612,590.1646,403.5066,7.645867,-17.10295,152.7661,118.5347,284.6908,189.5921,656.238,-16.50883,28.10475,-154.026,87.85134,-300.4171,392.4954,559.7255,324.187,335.0726,316.4771,-307.3471,-583.7963,-9.048449,-354.5854,249.5992,39.42007,639.2547,55.81576,-128.5937,107.0331,369.1414,-87.10429,-186.4175,-220.4489,30.23035,194.109,74.96472,-285.3705,-41.45195,-245.8911,-231.5461,193.0644,319.7617,-370.9094,-480.9796,-35.38971,-64.16765,-31.01654,9.586553,-152.7528,-64.59739,118.5969,-44.10885,171.6571,9.551703,86.8196,-115.9417,-33.09465,99.03357,-33.47717,-93.70827,-12.30701,-35.08475,56.73153,18.4987,-11.476,51.87887,-39.8065,101.9427,32.79973,-39.6577,-3.72759,112.4563,-21.02246,-40.3345,0,0,0,0,0,0
-3983.704,1022.613,-1146.86,9.13711,-189.0383,-1440.116,27.96371,206.9969,-402.8679,-427.521,-271.8228,-290.3734,-327.5017,206.8421,-434.2799,-52.33072,341.1949,-191.6505,-190.8765,72.93323,518.3503,89.89287,-234.7375,-192.607,176.0996,-107.5987,-391.3254,73.56858,238.8461,-106.6362,12.25799,-618.1696,302.5061,35.43057,-122.3111,-267.7286,-234.845,-51.25927,156.2556,119.7633,-66.53978,33.67719,-89.28899,254.6395,16.09037,-147.8108,-152.6468,288.4525,-95.49383,-80.60625,107.3114,32.62156,154.2955,125.6643,258.7357,-181.7661,-155.5726,-24.03861,-41.69071,-84.64969,239.6807,6.36138,91.7905,131.4906,-268.2999,32.19184,38.63929,68.56613,117.3961,16.70497,172.2689,95.82632,87.50171,160.9184,125.0137,4.493855,102.5007,45.82519,-191.4154,-185.4231,-167.2346,-76.29513,14.39986,19.92178,92.57174,3.52175,95.67863,156.7359,-338.3058,-135.0999,-611.1433,-220.6761,104.3819,-66.69487,88.66496,0,0,0,0,0,0
-5461.336,-3931.633,3021.501,90.63619,-1011.982,-795.0052,835.5762,-1057.575,1105.155,472.0396,445.5416,867.4047,364.5109,-240.1699,-35.30136,1410.357,-1298.232,-182.017,-300.2779,256.6011,-294.8579,1498.552,-438.2175,-55.14163,287.6169,270.3497,-35.19658,-290.5834,248.954,443.0072,-207.2616,-465.5655,-75.77665,-305.6044,-356.0997,-265.9743,-387.7812,-187.7137,-23.64252,291.0352,-546.1778,149.1795,-319.0717,-177.4859,-17.58806,-8.643193,104.4051,-213.4455,80.7721,138.2213,96.50436,211.5797,-216.6595,-169.9211,34.54732,-132.2502,-49.86076,176.8316,70.90576,160.7129,-57.12936,117.2849,92.86008,127.3977,11.71992,73.30476,38.49232,-111.8666,34.59012,-24.36953,-66.39905,65.36459,60.42232,-20.38917,-14.06924,47.08611,96.85999,-27.77169,21.95479,38.15171,77.02557,56.65794,42.83634,-11.15238,11.16449,11.61035,18.85226,-14.32828,34.93763,-6.331628,-5.22413,3.22262,-29.63707,4.657458,25.89596,0,0,0,0,0,0
-5957.066,-2081.091,-1182.417,630.4339,-3174.852,-175.3158,-30.21352,-946.1706,-692.3024,690.1918,558.0599,-696.6196,-752.4918,563.3542,160.4729,-562.5796,-268.673,-594.1298,447.132,594.9158,-811.4622,576.7583,855.6951,106.2775,292.8877,46.72337,-164.4354,451.4217,-513.8923,-1212.635,-193.2175,167.1586,34.67611,-407.7249,-119.9816,17.73707,288.7627,-364.0419,-703.9602,-65.73768,-137.6295,-197.0469,304.9202,274.0898,-220.1514,23.668,-127.0048,-24.42635,-60.46677,-280.4036,-64.19633,148.4427,-87.43198,120.7328,132.8932,-33.92278,-234.6824,60.65418,-130.8403,-86.38718,-70.74934,52.13166,95.38749,-27.60774,3.57422,37.13678,-92.19128,80.37552,-39.31655,75.13952,101.0109,-80.16979,-48.98997,67.64156,-58.51133,104.9889,-29.17663,76.04709,3.543852,-47.57121,-14.83153,33.87544,-46.87761,46.1291,82.40267,10.72865,7.939498,38.06141,17.37232,31.20979,44.78173,33.67058,7.239047,36.19239,-41.93634,0,0,0,0,0,0
-5046.378,-2268.742,4539.864,870.0129,131.3239,1106.195,-209.0083,1917.657,1619.519,722.3986,-429.3076,478.9461,-1446.712,-176.2365,-1.408195,-242.0423,515.6459,-573.4548,-39.81345,-65.29794,-18.42915,-348.0445,-112.6656,220.9637,111.4697,-159.9681,3.407948,-39.77209,22.34728,-64.23151,-32.28769,147.1822,179.9319,83.39845,98.83214,22.83688,82.52541,59.02243,-49.48127,44.23082,2.880757,-8.847794,-113.4648,42.63276,16.48088,14.50947,-134.4746,75.35821,-32.463,-63.7762,-10.14225,-38.73641,29.27851,67.2917,26.38979,-10.41839,-35.42246,9.199553,3.432779,-18.376,-21.84249,15.84896,34.3853,-14.50931,2.929006,-53.97016,-0.9379909,-14.03448,17.60264,-56.75158,-47.13964,11.31593,-18.50462,-27.03008,0.4756038,1.096098,-20.27794,20.11755,-23.46959,-9.259188,-16.17365,-18.92855,9.372131,23.366,10.41275,4.612183,-7.383468,-13.19188,-12.9087,14.28533,9.329118,-16.86065,4.303802,-6.621017,8.000209,0,0,0,0,0,0
-5046.378,-2268.742,4539.864,870.0129,131.3239,1106.195,-209.0083,1917.657,1619.519,722.3986,-429.3076,478.9461,-1446.712,-176.2365,-1.408195,-242.0423,515.6459,-573.4548,-39.81345,-65.29794,-18.42915,-348.0445,-112.6656,220.9637,111.4697,-159.9681,3.407948,-39.77209,22.34728,-64.23151,-32.28769,147.1822,179.9319,83.39845,98.83214,22.83688,82.52541,59.02243,-49.48127,44.23082,2.880757,-8.847794,-113.4648,42.63276,16.48088,14.50947,-134.4746,75.35821,-32.463,-63.7762,-10.14225,-38.73641,29.27851,67.2917,26.38979,-10.41839,-35.42246,9.199553,3.432779,-18.376,-21.84249,15.84896,34.3853,-14.50931,2.929006,-53.97016,-0.9379909,-14.03448,17.60264,-56.75158,-47.13964,11.31593,-18.50462,-27.03008,0.4756038,1.096098,-20.27794,20.11755,-23.46959,-9.259188,-16.17365,-18.92855,9.372131,23.366,10.41275,4.612183,-7.383468,-13.19188,-12.9087,14.28533,9.329118,-16.86065,4.303802,-6.621017,8.000209,0,0,0,0,0,0
-5811.508,-2415.854,847.7371,649.1828,-1132.708,-390.7803,452.4998,417.4293,972.4243,-164.5896,110.4733,603.1946,1092.661,920.7062,688.7085,231.5856,214.2644,1233.285,534.5471,34.88514,509.4744,39.76136,612.6019,34.58815,88.09164,-953.0179,-166.125,833.1576,-423.1364,-23.24989,247.1715,-354.4825,-752.387,-85.06533,327.0435,-390.981,139.4224,186.2123,149.0097,127.8384,55.55618,-167.609,338.3539,-360.2809,321.5548,-296.8182,179.5524,7.563163,66.37806,35.43813,154.8201,-342.9205,260.6293,225.261,-145.8824,282.4557,-0.5581858,-94.02835,-18.62402,-32.96427,82.33405,-57.52338,-170.5736,304.2279,-150.692,216.4712,2.866652,-81.61086,-23.51196,28.60558,37.91595,82.79744,7.911328,25.91214,-20.35211,-41.77836,20.5759,-71.15601,16.22026,82.51134,-23.65963,-63.76003,-32.0475,-132.9796,17.6552,-68.31423,-40.98997,10.32385,-7.823604,63.81642,50.26557,-77.41992,-21.26894,-43.56802,-18.51313,0,0,0,0,0,0
-812.3311,1325.84,157.8522,-1077.945,-691.3458,421.9663,-707.1273,0.3209989,-664.445,-513.1692,135.8337,857.1508,102.5954,173.8027,444.1518,157.6262,615.0505,91.52261,343.241,87.16132,-405.7143,76.43364,-90.44726,-40.03338,-169.4673,-465.9675,238.0314,-355.6119,381.9956,319.5107,-358.8523,-140.7341,71.89584,76.36357,79.38382,277.7815,97.55969,-144.523,-93.31145,35.35298,-39.92442,-159.1651,-230.668,65.37067,92.4553,58.47701,-44.09887,-4.704562,70.95799,-108.2112,38.10289,-24.23051,-16.67184,-137.5542,12.04109,168.0881,65.92064,-21.40712,54.49862,121.7865,-64.76407,11.13489,101.0756,110.878,18.09053,-90.08879,-60.26946,-183.2845,-37.60747,-86.30161,-77.16753,-75.2174,-31.83079,-18.21646,14.23805,145.8194,5.011839,6.708997,-56.28759,-158.9135,-26.15286,-190.7881,-181.0828,-150.9777,197.8325,87.10238,-286.7402,558.6227,-152.9443,38.55798,34.24619,6.842647,-139.8796,460.0286,-232.8852,0,0,0,0,0,0
-1366.69,1301.382,-736.5671,-1562.342,-730.3074,-75.64819,-1103.068,397.6595,-383.0661,-194.1124,-64.61916,1053.846,-610.6964,207.487,223.5515,-69.61988,314.6128,224.049,670.2583,295.7895,41.94323,321.3478,-144.6623,-296.5623,-50.14814,-392.5314,430.5671,816.7676,212.5053,308.0238,458.0082,297.1662,52.8815,315.4374,-587.6198,54.34512,-123.8032,-283.4064,160.3128,-528.8255,-178.8866,290.4605,163.7771,46.09026,-125.9405,-102.7593,376.4492,-160.7792,-294.7482,132.5124,193.5849,490.5141,525.6299,-130.0829,167.5759,-164.7176,-115.5658,271.2304,-206.4928,64.7681,-33.88153,-276.4649,94.80191,-189.2506,317.2338,54.76671,9.513676,16.75311,226.308,-108.9159,-404.4756,-82.49619,-182.1944,23.0165,65.92988,89.85935,-107.8836,18.12849,128.71,218.9677,-17.4577,93.47734,-9.840458,12.43268,-35.45583,-50.56882,12.45431,-85.68616,-106.6915,-18.07053,-16.33491,-49.1288,13.82395,-25.65229,84.58358,0,0,0,0,0,0
-938.4815,1209.103,13.04728,-1111.002,-832.2281,288.5024,-650.0801,44.92006,-714.8858,-419.5826,194.9787,1220.438,-72.74243,145.6371,284.3943,78.56258,549.5423,-46.42241,266.989,360.756,-360.8712,70.98882,89.62109,-189.7104,-220.3484,-458.7542,211.7402,32.79876,232.1846,244.3335,-279.266,-53.26717,172.6202,485.3207,137.8724,370.24,77.0398,-120.2005,128.0201,-8.908884,-131.1424,-298.2538,-186.8985,322.3578,97.54105,243.5599,150.4595,-139.2113,-135.1029,107.5161,-313.0653,-39.65677,-191.0057,-26.68603,134.9371,-168.9339,130.981,-101.8979,-289.5242,-113.4393,-153.5915,303.9316,-102.9258,401.9629,139.3866,281.2588,90.61742,139.513,-56.06587,75.38251,570.0364,312.4296,89.5769,-278.7525,41.87702,163.7421,91.80978,-63.96886,-219.892,-132.444,-45.53836,-19.36383,247.7249,-47.34892,-66.26092,214.7954,182.3723,-193.174,48.52057,-61.9314,155.4479,15.10102,36.38262,-167.6014,68.78913,0,0,0,0,0,0
-573.4429,1091.986,-30.88667,-1042.656,-527.3764,529.4239,-552.9351,65.13578,-365.9478,-461.264,372.3564,700.8027,235.2799,307.0886,525.228,261.4352,232.455,287.8283,362.0504,84.28059,-589.0997,-274.4131,-242.6889,176.5812,-13.34737,-288.0036,67.84018,-271.5854,332.232,127.63,-316.1668,-196.9644,103.9279,-409.7184,63.34851,366.5333,274.0487,-105.9957,-249.1625,90.29878,-42.24192,-172.7606,64.90997,-43.87119,38.26313,-46.34169,-154.0826,-47.95386,322.6461,-417.0384,-137.8814,20.57023,-160.8282,-159.5343,-288.1707,591.9018,164.0473,-88.50602,209.9157,170.3878,104.1012,43.64321,243.0158,319.567,126.153,-595.0804,-71.18786,-9.644548,86.11242,-27.15734,-171.8563,-243.9346,59.88748,177.9925,-17.85312,-4.361959,64.13874,224.7865,219.6367,-15.97398,-86.98327,94.94016,72.59133,134.9203,-132.942,-264.8846,98.62392,-170.7694,-3.137979,-50.56034,-166.6399,-30.49957,56.23149,-279.0292,106.0216,0,0,0,0,0,0
-958.6782,1137.597,545.0389,-945.4554,-909.4326,617.0889,-535.9156,-312.8902,-817.8631,-625.1329,122.6681,867.9515,169.6258,130.701,101.4691,168.9568,484.8578,-59.67858,28.80027,268.5121,-162.3757,174.2339,141.1107,-209.9943,-409.8282,-314.9842,64.47537,-613.9875,95.89659,266.6041,-526.7538,-105.1427,-83.44752,184.5261,286.9375,136.7149,53.81794,-3.497981,-331.7693,481.3749,165.6959,-120.3867,-203.4916,176.7014,146.6647,-65.22508,-557.8774,51.95307,17.46907,-75.57257,248.9721,87.73346,180.9046,295.6002,0.4302535,-211.7156,-224.914,172.9595,195.1539,-138.4953,251.8584,-75.91979,-167.762,-562.4296,-358.8759,421.047,235.2695,-60.63486,-220.2133,-27.24788,-113.3325,-68.88768,-59.40582,159.5984,-180.0018,-318.0381,-24.11384,-123.3703,-13.50641,295.812,128.9854,119.2668,-124.5434,190.4882,10.52566,8.27216,18.74576,-123.1508,173.0594,34.58391,-26.31877,-27.15328,10.6621,-56.98396,40.92704,0,0,0,0,0,0
-1235.592,1769.177,1053.438,431.9292,-380.4872,1020.923,-358.745,-319.2478,-141.9842,-291.8792,-941.3571,-78.08549,-22.76524,-109.2023,-64.48533,-244.574,491.1423,662.746,492.1472,-492.3854,-349.4113,140.8251,-424.402,-160.4313,347.5311,-175.1194,-266.4407,-47.17615,12.11328,-156.5549,48.86805,640.015,-56.72978,-267.2289,-635.3009,-21.17436,-25.75506,-436.5068,-204.6402,-346.635,-161.6934,773.1597,-194.7905,-72.60661,-81.58352,-638.303,86.7379,248.6399,-319.2465,231.712,271.7471,-28.08411,-472.4045,-211.0165,-528.1541,94.33989,240.8471,-350.7715,365.6271,71.07236,130.5284,-82.68488,-25.87777,-55.63965,-206.9203,162.8917,68.82384,30.97383,-331.461,250.4924,215.6578,129.6097,-20.55473,23.6792,-6.816728,-15.5283,-44.57129,3.600952,-74.05727,-83.52069,34.14859,49.90201,-12.18581,5.432453,9.779202,100.9473,22.84699,39.48736,21.21995,7.569396,-8.660604,8.921329,49.99292,-38.05996,18.03924,0,0,0,0,0,0
521.0241,1408.348,1510.274,871.317,-1278.701,1441.515,-337.6347,-1110.351,-66.52014,-555.422,375.736,-120.9617,-122.8227,-563.8799,41.17922,246.0755,120.5551,316.5791,399.0454,55.65959,320.6382,-449.2332,-219.8557,280.8177,5.559002,635.6673,-563.5669,110.6405,128.8335,-141.0879,241.228,-354.351,-189.1158,-147.7196,80.92694,-45.0948,224.8226,24.37131,185.3316,22.99993,15.06164,-213.4702,-75.91768,237.7835,-415.6104,10.92315,-136.1512,-30.0806,-181.2652,-100.8028,363.1608,-15.03134,130.9518,-60.86005,54.82293,255.5804,236.6998,151.0884,194.2124,-117.419,29.70578,272.8705,-147.201,-134.1861,-168.7361,8.523211,304.6546,210.8021,320.2249,76.2795,-245.7518,248.963,48.71906,-308.5034,-17.63325,130.327,186.3726,-85.8553,157.1333,125.3786,-149.2236,21.54745,100.0291,31.77933,-10.34818,-100.475,424.0914,32.67542,-215.6279,-36.71876,150.4439,137.139,57.61031,182.671,-91.39715,0,0,0,0,0,0
-17.78008,1394.741,2118.021,194.3564,-443.2411,1430.557,91.16107,-1530.418,-57.74339,-478.8509,368.0633,-51.44884,117.8471,31.17798,-270.2391,638.2649,110.224,301.2254,-66.62375,22.44823,-205.3566,-232.6219,-335.1135,371.6214,-67.48616,765.6949,-287.0003,169.5033,140.5809,-5.747881,386.8653,95.45756,172.0018,-80.57239,60.08923,136.0079,119.6409,162.7896,-9.196041,137.3148,-14.89343,-162.02,3.209746,98.26956,-204.0114,169.5016,220.2553,40.67195,-135.2688,70.45565,173.9441,-464.0338,-93.24756,307.1338,25.68393,131.3551,-169.4519,-277.034,-276.7234,-80.58912,-254.11,-401.7547,67.39979,165.9312,8.487912,212.0451,282.6542,-209.5624,-37.3898,-186.0563,-22.03109,-326.7701,-292.3344,116.7601,116.5852,-22.08391,-129.7154,179.347,-149.9564,99.73413,-199.7765,1.568186,238.9328,124.1621,210.6011,187.1118,-372.5596,-136.8911,-101.3427,-102.242,-31.35621,24.72869,-84.33781,-83.02219,49.16694,0,0,0,0,0,0
1498.177,2737.742,869.7131,885.8828,-1831.928,811.7071,-55.20141,-616.1349,462.3108,-362.7945,162.8548,-374.0532,339.1309,-194.9306,585.3228,375.5211,337.4945,-222.5219,550.8331,52.1488,-154.0867,-588.4133,-196.1852,433.1535,345.2301,-77.00538,-196.4113,-63.34424,-218.6198,-57.21611,396.3877,-343.7806,-248.1724,291.5906,-130.863,-75.48752,33.32257,87.95771,533.1984,-36.8391,-228.1777,-62.28593,36.10458,7.782214,-125.6453,160.506,-103.5173,44.69323,188.9134,116.2293,74.72868,199.284,99.88526,-159.4634,211.6374,-174.2784,201.6039,181.6802,-37.80835,55.0341,-180.8469,201.1053,-34.90475,-282.588,38.50971,-111.2257,-60.27559,142.6154,31.82286,226.2189,95.3018,0.5933628,303.3706,-56.24359,37.60647,-49.10714,30.61001,64.71216,174.5886,-337.8289,78.47701,169.5103,-458.2641,6.951773,210.2877,129.6551,-363.0334,-48.98329,235.5539,-29.86912,-75.59502,-74.942,-91.85259,-180.8557,99.9102,0,0,0,0,0,0
1258.844,2011.019,714.0764,571.5179,-1810.822,751.1144,-3.181863,-813.1489,-16.42478,-396.6309,-243.5473,-227.1109,233.2841,153.1136,481.097,278.9862,580.0743,99.1516,245.8358,-103.1566,-237.2338,-272.5908,-304.0185,616.509,567.2408,-20.16288,-36.49709,91.21017,20.41767,-57.00413,239.9684,-151.2951,258.1479,43.45826,-67.62729,-69.7378,-165.9926,102.1122,352.9548,165.4836,-263.6335,-52.44476,-77.41711,-159.4101,-130.8644,393.6763,-89.70633,-110.9946,15.74578,21.76612,-308.7203,-289.2154,-204.8805,-10.79583,158.9518,-218.5197,-210.1569,-200.3675,-101.6158,103.5976,-0.60647,-332.404,73.50436,-191.3811,84.19199,-56.13797,-585.1739,-283.7094,-59.18262,139.6315,-5.664045,50.65936,-152.6285,122.7317,34.12008,-41.23796,-129.9742,-171.3298,-172.1069,172.4876,292.0804,-249.6107,60.13168,-103.0769,-273.5148,-148.6229,334.4585,-0.09222468,114.7346,156.6273,-122.8754,-15.51149,102.1102,134.9377,-2.360743,0,0,0,0,0,0
-3084.351,1646.912,-1511.99,-1589.211,798.5251,1041.24,-1066.33,95.00754,-44.33217,-483.0961,-371.5049,697.572,192.2077,-570.0762,-155.2589,195.083,-349.0874,111.5412,-110.4824,-381.7576,964.6781,-134.3923,355.7975,382.4361,101.2418,265.3076,-269.6147,254.5199,59.28389,-379.9329,-125.4527,-111.1544,57.03993,-80.7955,52.85908,-136.0932,-66.6283,-35.91508,-651.9882,359.7665,-19.07692,234.6073,-44.51,-362.623,193.1587,-181.318,-25.51255,61.36932,-151.6054,-162.5187,-16.0654,-297.667,-25.2799,36.07375,-89.52044,-197.4053,76.12479,143.8642,-361.3228,-46.37739,-126.732,112.4592,176.7387,-235.6133,215.7523,-77.26295,179.2067,-57.31112,264.4508,86.92137,-71.68417,278.9408,-111.0383,6.89036,-149.1911,252.3216,-37.54881,60.39274,184.6628,-173.8533,32.21434,-60.32923,226.5788,49.86557,-221.4979,89.34587,-96.2364,206.2291,406.5145,-55.86261,-105.7869,-73.47264,-96.22556,-16.4243,8.025629,0,0,0,0,0,0
-2241.295,1940.884,-909.6981,-1164.24,142.3537,592.6214,-42.41946,-34.3075,-325.9858,56.01286,-234.0865,300.9823,-249.2988,-908.7807,226.4269,32.57542,-539.163,-665.041,-502.7993,48.61056,902.0411,434.3341,26.57833,290.1497,253.8087,-405.015,171.8126,61.58241,-594.7983,-647.0197,167.7624,248.4539,61.18825,-39.03302,86.11526,252.1891,18.50718,-362.05,311.6804,109.0937,29.67059,-91.60339,-271.0989,58.59911,-167.0742,157.5918,339.0034,-353.1305,45.63563,138.5164,-145.3203,90.93311,-100.157,-29.71901,322.2923,647.8718,233.6136,-116.3236,300.2194,-136.4129,148.4098,169.3028,-397.5177,29.84995,94.88416,11.70323,189.3012,-135.7552,-21.41467,50.65514,-207.4131,-196.7043,13.94088,-35.36798,-52.31578,-207.8558,-128.1424,-237.2732,-215.867,47.80135,201.5924,-204.1702,-30.1924,-14.50259,-73.714,52.81276,-151.5596,121.1402,-57.27102,-46.28444,-72.96896,31.65125,84.84444,-150.5714,52.84533,0,0,0,0,0,0
-2937.937,-375.3826,-1262.542,-1711.078,1250.617,1913.9,-1303.17,674.4569,436.4032,-400.0081,65.62973,-233.5895,471.3184,-1435.097,-1164.822,-750.4623,-591.3751,381.282,752.6039,-831.7715,-1168.469,-92.11162,195.5644,186.3123,-239.7861,-275.2734,-188.185,-312.0521,-187.8866,-287.2667,221.4402,-594.0013,-241.706,-258.2435,-210.356,-216.2615,166.4,73.22137,-38.52499,-149.9485,-34.10696,-118.7304,177.7506,-44.12718,-18.41405,356.6876,51.45789,181.0832,502.4778,461.124,108.9349,326.9577,49.21669,159.798,-136.0732,-266.9118,-163.5096,156.8771,-12.0229,12.08249,74.473,123.6227,-93.15755,208.2079,49.32125,33.54154,15.30879,-233.2391,14.46126,-58.86225,44.48578,-48.74288,-36.40906,27.87212,151.6314,-71.07368,18.62228,-148.8172,-150.6772,27.63331,4.241877,-0.8087022,61.66221,-17.77535,-7.784047,-56.91729,30.55037,-40.99905,-48.28365,3.075856,-41.96322,31.55644,-49.98768,26.06711,-10.49683,0,0,0,0,0,0
-3695.202,2906.621,-1148.695,-1280.139,694.6964,218.7925,-323.3692,516.4124,-173.5531,-103.1209,211.8585,247.6462,-156.5175,-713.2549,-302.7302,255.3659,-264.5363,-251.2552,-401.6785,25.00697,784.3233,-40.80323,62.93829,339.9763,181.1121,-180.4939,-100.1199,82.75875,-292.5478,-248.0207,35.47437,24.24343,-128.4733,213.7142,-64.08435,45.10716,-225.8486,-152.2115,49.98217,-19.84745,-20.89657,49.41884,100.9123,-29.77725,-22.24427,147.4684,37.78697,-299.5249,-42.24612,-85.95212,-97.5559,-113.634,-160.9016,-127.4872,-149.1501,204.4563,-28.41346,-203.8096,59.12308,174.3755,-75.65047,-8.744976,136.7981,145.1737,11.23347,195.6484,-184.2679,169.2015,-59.76379,-109.9404,192.4681,57.75851,123.9654,18.02825,-135.1306,-114.282,185.5103,258.0385,4.902714,234.8772,-147.7019,278.5676,-192.1658,203.9791,204.5806,7.728648,123.2454,-344.563,-24.92639,277.084,-118.2264,-138.6796,-238.0409,319.4173,-94.93961,0,0,0,0,0,0
-3642.523,2925.023,-1407.446,-1354.556,499.1631,76.62727,-376.3676,167.7778,-80.05482,41.94964,132.2001,306.0296,-24.92143,-667.2544,-211.0146,555.3691,-149.0604,-40.62241,-290.6486,-333.998,548.5685,-202.9029,218.4419,319.4441,132.6149,-245.0198,-60.63065,-101.7368,33.87325,-179.1684,67.31292,44.95908,-247.5822,-70.07307,31.6104,-81.26798,-189.8593,-63.70191,-22.07417,210.3235,59.63388,111.9375,105.5513,-52.14286,200.639,-5.916152,-281.8772,-41.86843,61.0856,-121.982,-85.45766,-207.075,-121.8273,-41.97253,132.4623,-283.9768,-221.6919,-10.58876,38.28957,328.933,-127.4532,-154.4328,317.854,-195.0184,-266.7448,99.02727,-412.4046,51.71423,-166.6806,-81.32282,-27.03083,-70.64447,59.99245,8.720773,-0.209102,190.0568,68.35319,120.1991,76.87312,-19.44408,-27.67256,24.8374,-108.4206,-182.2376,106.8963,13.68711,-1.831002,63.26445,-382.4968,-169.5124,404.0441,198.0317,258.1723,-230.5118,83.24828,0,0,0,0,0,0
-6034.631,461.0946,830.9392,-277.4164,233.386,-698.0049,-7.814697,-482.7464,-236.1732,395.3707,40.51828,-22.32847,226.7141,-127.1102,384.7153,71.41057,-44.31367,122.2122,-399.2672,-123.8431,-168.6409,-486.7085,107.9593,104.7692,-8.157989,-160.3581,390.0026,-29.76826,-349.5194,157.7567,3.496222,323.6946,-44.91218,-7.297237,-121.831,73.46368,-325.1766,299.8522,149.4028,-74.91878,187.0094,88.68823,-27.36356,-7.002959,-121.8007,-50.48919,-39.06009,-1.295678,59.80704,51.36406,-161.3187,30.77303,28.79327,-99.17416,35.08913,20.91329,8.733949,106.8269,-120.6399,-63.00272,4.492372,-289.1538,-31.78296,-1.080342,65.29068,-64.98331,-30.57959,164.2588,-6.827804,-66.73077,135.2308,32.99592,60.74168,160.482,13.06658,-62.11367,-66.09805,-100.792,90.36366,-55.11392,-52.95364,-21.85352,33.42574,72.7141,73.67447,22.74983,196.5328,-111.5424,185.0017,-249.0954,-197.9446,255.155,-167.2323,79.5953,-276.8829,0,0,0,0,0,0
-6090.935,530.9247,994.6033,-810.6281,874.5299,-111.3671,-359.9271,-1380.295,-0.5936413,111.0454,191.8225,-187.3647,420.8826,-295.6278,94.6732,124.5067,-480.8422,-38.6201,-318.5107,191.6873,-399.3796,-377.0854,22.57919,126.2067,-14.81732,124.8802,246.8525,-100.7133,-155.395,191.8012,163.3451,253.4863,111.1898,54.86756,28.64826,31.78776,-39.04167,298.6081,-13.89203,-212.1144,132.3535,-0.7175947,-10.0279,207.9128,-97.78868,-89.16424,-22.04879,91.92093,-94.94475,-77.8644,-29.74785,42.61546,80.0474,97.60235,-79.34017,-69.63531,48.11721,-116.5318,-52.72248,-97.28813,90.23402,46.61993,-62.79159,-95.61256,-52.06915,-116.3614,92.99873,162.4158,64.04171,-41.34892,45.29154,-95.77631,72.44353,-36.07649,60.75,-29.68662,-62.70001,-41.98808,67.6199,36.46569,-40.44745,-130.2337,63.3723,-56.43525,-38.9007,15.05357,106.0012,229.7658,7.67415,374.0405,152.7284,-567.0366,132.0933,-154.7463,-90.61803,0,0,0,0,0,0
-5712.001,437.6524,1019.704,-248.2203,309.5788,-343.0125,-3.368191,-436.3523,212.2007,192.3924,129.3365,248.577,592.7401,-126.4581,520.3928,12.19145,-297.9081,357.7703,-135.5534,-102.1072,-147.4324,-184.3372,284.4558,73.08368,-225.0288,103.2144,319.2982,151.2517,-253.732,36.23291,-3.252455,173.175,-6.254856,3.660673,-23.29642,162.9083,-178.8684,254.8259,-54.99417,19.52813,202.9114,-11.03702,-110.1241,25.63458,12.61687,-52.35934,-140.944,162.4201,94.59505,46.75338,66.38297,93.04449,20.23241,-63.80101,-4.453633,75.55948,-9.569279,38.69793,-90.93642,-133.8121,59.94654,-70.37614,-216.9574,48.04192,6.405245,-105.5247,61.74861,307.8982,-46.22784,-66.88622,92.65661,-82.54613,-25.29701,-9.8156,56.09365,-25.42452,-86.53438,-48.49182,100.2724,-67.72923,-10.11054,114.7104,-14.58687,-60.33519,-110.2633,127.3591,-43.60837,0.3859651,55.27007,-188.6388,-208.7363,325.8036,401.3572,284.1361,179.6585,0,0,0,0,0,0
-5843.248,635.3604,1033.384,-563.5797,808.9844,-669.6868,39.20879,-1006.412,230.6307,243.7999,168.9346,-214.6373,411.2862,-296.4555,248.5626,39.60025,-409.8213,79.08279,-306.8354,-16.30026,-522.726,-332.2448,-16.52679,21.3288,-81.0242,-99.42957,441.2859,-47.49976,-199.0218,227.2973,131.5481,185.8526,159.3582,124.8257,30.16475,35.40067,-333.9005,125.5715,101.7079,-116.722,143.5098,203.6346,52.29107,85.53558,-17.90997,-39.7309,-24.49286,115.7645,95.13254,-87.9789,-158.9505,49.1363,95.32967,-23.70552,80.83699,-72.75314,1.639235,-70.71177,18.06328,-81.60497,-107.6012,-87.01741,34.16517,41.04681,-44.46072,-71.79386,174.1591,174.0553,80.73956,-14.55406,99.49184,-48.16381,-41.01497,56.7666,30.92943,-25.877,-104.9933,78.56347,59.18755,-45.52771,-31.98427,108.8195,15.97534,-32.63154,108.5224,-66.64792,7.989036,108.7479,-21.11566,192.7482,89.96684,17.07177,79.97764,-79.81503,-126.5914,0,0,0,0,0,0
-6058.894,1359.502,-763.8459,-435.3381,-203.7393,-199.5498,264.8191,-563.0189,-91.22751,372.4697,130.0208,-730.1119,-67.30946,-124.8797,214.7316,-338.4837,286.6902,-462.7332,-247.2362,43.95956,-197.072,167.7643,119.1056,75.32872,100.9236,-237.4849,141.0315,36.3688,358.2652,128.5937,26.4945,125.3273,-56.81997,-9.234838,-18.51296,145.6594,-140.0404,274.7664,138.8953,343.1567,224.1793,3.899604,-24.16821,168.3923,-5.207514,-103.5942,145.2439,151.1013,-64.79124,151.895,19.68995,-80.44889,-34.8877,77.01123,-29.42989,-160.0137,-36.73423,-30.46258,178.1098,-59.92134,109.7892,-6.940899,-211.5175,-134.2368,-19.55527,-141.7509,142.2365,167.3363,-39.53642,293.4136,1.435178,17.66822,-2.504672,52.27185,60.03523,-48.7978,127.8553,256.3479,127.188,-34.40628,284.1587,-79.06464,250.683,-315.5286,-170.3436,-305.424,-104.2874,-114.1196,-205.7271,-188.5832,124.1105,-38.81088,-514.0289,94.53973,204.266,0,0,0,0,0,0
-754.6492,297.4945,265.4682,1170.012,-1526.875,-1041.439,-638.0071,771.6115,-614.9183,206.1048,75.64529,-770.884,370.5319,-274.8408,-61.14003,306.3928,-883.9423,-18.52668,-72.69134,-490.41,-230.2138,-95.80669,-353.3042,271.0793,-169.6255,48.75193,-33.42182,-116.121,-111.8538,-11.40825,105.2576,279.6842,124.269,559.3958,285.1692,-80.06139,150.593,76.60428,77.08501,-292.0484,-35.96001,12.01193,-453.7745,103.3251,24.39267,-162.655,122.2246,-131.3385,-47.51348,-213.4048,233.3286,-187.0815,337.1721,-111.4994,-118.7063,54.37595,-248.2603,-47.66276,-252.9798,219.5502,314.4402,242.4553,-279.0822,211.6232,16.59262,0.288439,-244.6132,-49.50878,-346.506,-156.1453,-191.1421,-9.206429,-121.3515,308.9726,-13.8154,133.8841,66.38106,-142.5077,55.77875,-102.484,-165.0592,-55.17669,-99.69112,262.5284,-30.78772,127.8926,240.317,163.9317,76.80745,-204.0695,150.066,-42.17194,-231.6378,-65.60278,152.0494,0,0,0,0,0,0
52.87063,-1559.51,229.033,1092.12,-2503.026,-918.7467,-463.9659,1606.586,-900.8599,-218.8325,161.8361,-278.3343,331.4548,-14.00787,-454.5256,-29.28081,-583.207,76.0392,42.73191,-248.8667,-71.42875,-306.1175,106.4929,91.40125,-2.878096,36.86876,117.8854,102.8543,168.0252,216.8518,53.23537,40.41512,165.7563,-122.6306,-122.6764,-161.1832,-143.7698,43.17561,33.77235,75.30431,117.8791,170.2766,311.5164,-200.8377,-8.256872,259.7656,-119.747,-99.0989,102.1169,78.44405,-295.072,133.4393,-230.0766,116.3362,-21.71283,175.9911,263.4677,-90.33893,270.5653,-227.409,-217.4511,-404.3597,197.1329,-108.5623,-41.85849,-67.73205,77.09474,50.00884,142.5518,-206.6114,192.0119,-35.13307,43.57247,-333.6017,-49.61646,-174.921,83.14581,-60.40581,-88.4897,254.1384,22.41078,173.1676,-29.93553,56.38951,-80.5453,89.37497,3.591537,200.3172,72.30104,-440.554,132.1285,-325.6469,3.727273,90.35191,103.268,0,0,0,0,0,0
122.4171,-1308.637,-19.38338,1216.535,-2866.279,-554.8112,-523.871,1424.095,-968.9354,-445.9449,-143.0228,-547.7339,172.8582,-91.6685,-263.0117,33.84771,-626.8792,33.40356,202.9905,-378.8019,129.5429,-321.097,255.5834,-34.23021,-122.2201,205.1312,287.1047,-120.2722,-30.37796,252.39,10.84867,142.6458,92.5239,69.22406,7.796499,66.82156,-64.47065,45.1085,89.32825,215.6594,146.0119,207.9942,-56.27245,-32.42775,281.841,-96.43348,15.00736,32.26962,40.46929,-170.1961,-101.1136,-83.23193,-36.14184,-151.7435,14.96402,-117.6667,2.382348,13.63545,136.102,-4.761741,-175.957,-37.95893,149.886,47.74021,111.0328,164.8116,212.2421,-10.03411,174.3122,23.98211,-13.61144,-9.900841,12.35491,-202.5448,74.55146,-116.8477,-77.27128,-41.45441,26.40344,62.85303,95.2924,39.54516,116.3028,-56.22555,112.6915,-16.12753,46.06367,194.4185,-133.7532,473.9926,-200.496,402.8118,-196.8262,-260.2814,19.9744,0,0,0,0,0,0
142.3675,-521.991,-393.7132,1493.449,-2589.694,-299.0231,-683.827,1054.351,-831.2067,-239.9617,-197.2086,-622.9876,157.0716,-256.4701,-201.7825,264.213,-650.8632,-135.3498,23.09694,-205.2974,183.079,-239.3669,-38.49444,38.08053,-244.2139,221.1562,44.89219,-295.4751,-158.7254,48.45184,-36.07701,157.2677,89.08236,337.0919,74.93282,242.994,81.75251,45.50965,32.39478,65.97971,36.51744,113.5921,-159.6345,82.48082,261.198,-330.2132,83.49514,14.00002,70.24722,46.91411,152.2959,-90.91528,-24.55556,-75.3793,-24.28304,-102.2696,-109.5998,176.1657,-181.6745,257.1063,58.45181,198.9464,-72.47763,139.2426,153.9909,-30.88119,137.6854,-142.2694,-60.40194,182.7484,-92.35892,49.28841,-17.5137,-3.3411,-95.49677,-29.14755,1.320425,179.429,13.79059,-35.77158,75.12229,-43.92982,96.12575,-241.8292,-95.68644,-169.0865,-310.3816,-427.0259,-70.01001,6.559161,-1.354846,-200.4165,383.0468,210.2944,-209.9268,0,0,0,0,0,0
-203.5205,-388.6949,-59.1918,-195.9607,-527.0509,-852.3591,-1070.159,1250.251,950.8479,-616.2717,673.0695,163.3092,451.5008,225.2842,-520.8116,100.4277,-915.0387,375.3319,150.0932,310.7762,426.7595,553.4882,-159.1577,24.44809,-32.26552,-5.364025,-157.6196,-599.8084,898.3384,136.0966,221.4876,327.2165,133.2163,121.0304,360.7671,-341.5656,339.8589,-376.776,-228.9719,-240.3312,-90.97831,-89.23298,375.6566,-48.95404,-367.8609,541.8309,1.708888,-56.08614,-251.8014,254.2808,-329.4005,-90.05829,238.9629,212.2719,18.74869,173.0991,144.6637,-182.5902,65.9277,-258.6675,83.19198,-193.7461,-186.2724,-320.5894,-129.6735,-68.64957,-29.67193,310.524,-212.1396,234.5139,108.0562,-26.28289,-39.36184,186.3496,129.4036,137.9576,-102.5997,70.81327,114.8957,-256.7164,-77.58214,-124.1752,-25.25902,-46.73489,-12.95826,-94.06187,-39.36804,-96.04794,19.17587,115.1364,-35.95642,107.0516,37.16363,22.99268,-76.80552,0,0,0,0,0,0
-2036.514,117.7696,-2190.154,2767.794,1158.243,448.4897,1030.917,-188.917,-37.21998,188.496,-480.5313,1088.705,341.6872,124.2396,-45.95293,-111.9948,-252.0536,159.5481,334.2426,-66.5633,120.5635,-61.50979,-103.426,59.49393,-8.82852,216.2513,120.4318,-257.131,-137.1979,-268.8587,124.0927,207.6384,130.6924,446.7943,-199.3163,126.303,-25.07203,-234.7947,-279.7202,572.1542,130.5834,-196.7753,208.4753,15.42182,105.949,358.35,-25.10489,551.2957,-310.7436,149.1542,130.4063,-130.4801,111.4471,-744.79,21.83659,-60.29536,215.3654,616.8636,-26.77634,-164.9893,128.8699,-299.1367,-6.848075,265.6726,-171.1983,-115.1083,-84.65917,43.46601,-136.7451,115.8746,-49.89209,-373.2065,94.92036,-123.4854,6.88799,184.5957,80.30888,-59.83619,-221.7169,113.909,-93.47599,-16.22255,-36.01807,-1.252913,-45.61594,-24.97939,29.56148,-24.99422,35.75348,69.88386,32.58309,-69.69722,-72.82438,-18.49969,34.16304,0,0,0,0,0,0
-2140.783,356.5062,-2033.469,2770.381,1047.837,409.5767,1225.952,-153.3102,-199.0643,153.5148,-352.7328,699.541,218.736,133.581,-96.45942,-29.09764,-131.811,336.265,369.7869,150.1114,155.6052,-34.50257,-57.69973,68.56061,-76.56643,-103.0362,142.4013,-246.8814,-36.39489,42.17241,-74.84579,91.87149,-4.507082,-39.45467,-27.90891,77.8381,113.2797,-154.3063,-23.86929,-118.9997,-53.54517,43.71247,87.31843,78.2359,-1.353237,224.0695,-10.29786,-192.828,182.0887,79.51913,-148.6057,76.1699,-90.04091,125.587,-31.48949,-47.47903,-165.9899,-45.07133,-153.8312,85.80942,33.45041,89.66006,-143.6011,-60.83725,-38.5329,23.49588,158.1909,-157.1279,86.08559,-122.5208,-347.2769,312.0761,-51.91077,-94.69465,88.23099,-447.2898,-372.8549,761.5245,-156.9767,-236.1245,-32.68894,27.99487,-102.5169,-121.0921,21.13918,112.5721,296.1651,105.3253,48.32386,-68.51405,44.31287,4.263786,-3.729532,-6.052872,18.4942,0,0,0,0,0,0
-2955.656,1190.55,-1743.119,2865.295,1262.995,430.2049,1155.996,-96.74084,-471.0498,97.41656,-340.0225,798.1897,11.5785,56.31117,-241.209,-113.5451,-38.21254,101.1374,372.5109,37.97794,118.4454,-178.1947,59.61628,-28.84136,-136.191,58.57343,94.8036,-263.7358,195.4183,-50.39908,-104.0557,194.5612,59.77299,-193.3379,-120.7546,-34.8631,200.3863,-85.89589,-102.1475,-136.6472,61.3003,-62.95492,-85.1088,53.43704,-230.0296,104.3138,-63.46227,-192.108,-98.15483,19.44119,31.27841,100.539,-95.02944,38.8426,63.079,-14.67462,-140.8126,-60.50818,24.41901,125.8551,40.94284,-123.2397,32.60673,103.0669,181.3344,256.3572,-245.093,-27.06725,134.6235,-219.4402,167.4873,238.4337,105.7252,-7.126078,97.20032,-340.7841,210.745,-379.1854,685.4244,-77.92653,123.1339,-329.7471,200.0786,182.7036,167.6956,-95.49908,-219.259,-28.88063,-68.78317,-10.93969,3.095226,-50.51424,35.76812,-11.79047,26.48214,0,0,0,0,0,0
-4057.823,2070.523,-1431.008,2697.802,1111.616,-38.56559,940.0309,-231.8564,-661.3896,38.74296,-255.4756,200.6299,-111.0465,-100.0272,-417.5172,-172.6879,60.44621,-35.81669,119.0783,189.0956,-150.0875,-149.0462,-139.6666,75.91922,-59.60189,-79.49401,81.09517,-124.1268,161.9785,292.6843,-111.1877,46.79225,51.41047,-103.5914,36.76167,-52.87236,62.55981,238.8932,64.01381,-353.3425,-102.8279,44.03957,-45.68614,-69.14731,-119.4658,52.76329,-214.8986,-157.4338,179.244,58.2125,-237.2151,55.55143,32.14299,375.226,-33.88183,133.6698,-279.5038,-203.4641,137.5453,-57.17566,0.939678,-141.7593,-159.4172,169.6908,-27.03086,-65.21452,26.79105,95.48232,244.4416,150.5347,-273.4459,286.6781,-24.00919,183.6099,-453.6527,631.3487,150.4924,-208.4113,-266.3011,93.45837,165.0168,379.7465,-61.39972,-57.36397,-67.00265,80.27782,-212.3761,-10.4203,-2.256593,91.22647,-23.79353,40.84212,-7.494748,-54.73839,4.724036,0,0,0,0,0,0
-1484.251,-81.16975,-2076.49,2356.581,859.1782,504.1947,1239.57,-7.851089,222.3221,127.5893,-67.57035,604.1495,103.2844,-59.59364,-85.65558,-100.6338,-129.1598,100.4975,414.7527,-1.362126,127.4741,-152.1618,8.822784,59.81124,91.70299,-72.21963,38.73373,-282.8289,-150.5723,249.4789,38.77925,-102.5057,-201.2546,-225.508,126.3423,-42.48846,-67.5313,-43.06709,224.1837,-47.31806,-69.91639,262.8618,34.19368,26.66486,248.4342,-251.3453,-102.0035,-470.2411,9.914574,-376.8031,143.4422,214.9017,203.2133,234.0415,107.091,5.303676,203.2509,-146.6258,-89.27412,168.0869,-146.4332,405.6429,151.4626,-583.038,411.8508,-103.8399,200.4308,-27.73753,-208.3721,113.8368,496.1942,-480.6404,-194.3806,79.9005,226.506,190.2401,82.52159,-46.39484,-235.3925,150.6432,-157.3335,-57.52369,65.56742,38.49195,-70.59509,-87.00558,57.09209,5.087915,-43.90063,-60.32115,-24.28888,30.43985,-32.41211,45.84148,-47.21982,0,0,0,0,0,0
4080.007,35.39972,-1890.531,-570.1512,-620.4457,243.6509,186.2273,24.53464,708.6529,-256.9939,-201.0995,41.76623,-825.2311,489.5338,710.4045,23.16245,-565.246,216.7886,379.587,891.0222,-57.7025,35.27935,-167.9752,218.7002,-497.8841,-214.5273,181.8547,-303.4146,-415.4482,-85.36201,304.6308,-131.2242,206.9384,-44.75806,-159.2313,-32.22425,-203.5609,217.4093,185.5207,412.7916,11.06672,256.43,165.9577,-339.8708,224.1272,10.24141,184.4595,333.5727,95.06969,17.28975,158.8752,28.3658,-165.1862,122.225,107.0368,-43.90709,26.31329,-124.5217,-92.39003,-36.86566,105.1899,-75.22341,-51.80682,-154.7565,-11.43365,-160.5535,-3.371617,63.47555,-47.13756,-150.9267,9.125877,169.777,97.71853,28.47609,-133.3836,-58.6453,-97.91283,-101.4407,-102.4857,-365.0467,81.54362,170.5491,166.8489,575.1864,-253.6089,34.77968,-50.57961,-17.647,-332.7708,40.84333,148.8047,7.599476,-40.29888,49.3529,-155.3129,0,0,0,0,0,0
4706.307,140.4409,-1255.95,-688.7306,86.36386,660.5988,-22.07224,53.38025,108.2833,-244.1263,118.0177,123.3254,-1667.935,-74.59125,493.2199,146.3095,-954.8193,179.3726,335.6429,852.6468,249.5945,-111.6778,147.2709,131.9787,-574.5152,215.0015,71.07694,-443.4999,-443.3904,282.7686,-37.16121,-46.01871,160.122,-226.1568,-393.8715,-133.5937,112.4827,217.2903,321.6373,-32.90973,69.45837,84.96719,135.2441,-105.5359,-1.400116,-85.38246,-14.70215,490.8446,75.50533,-266.1291,151.1774,130.6205,-267.1019,272.1794,192.2869,15.5889,238.2418,-191.3877,19.30465,-121.6328,42.00882,32.69114,-93.54748,203.9058,4.789115,272.7798,-227.0885,181.2425,-293.0972,-207.4651,-131.0402,39.14646,-230.6517,-23.87886,24.24495,168.2247,165.5299,93.67793,84.12604,153.8158,-69.00259,-128.9227,-39.46633,-428.2796,159.191,-99.69414,53.055,36.69084,266.8756,-21.49445,-96.91652,-23.40215,-36.51929,-20.30473,103.9782,0,0,0,0,0,0
-4415.682,-1460.253,-597.3327,-1341.468,1502.911,-1477.065,-359.1974,51.66533,445.5663,-239.4353,853.3374,-289.9101,-23.0132,312.667,165.7508,-541.6044,-450.7477,143.2014,-172.845,415.9739,-482.3942,-48.28915,23.40708,-285.8574,-68.54079,113.8762,-294.2943,-664.0052,-141.6789,-12.53739,85.19019,420.7832,-225.9643,175.1988,35.06828,7.372299,-74.71937,-67.44382,450.9094,-435.8607,-132.1017,-430.0972,31.08367,-137.7515,-242.8015,32.37057,-187.7552,193.0731,-129.2849,-554.3828,408.6885,-321.6019,93.52358,-109.6474,-223.5447,283.6056,-39.28731,145.3147,-51.83454,260.3445,91.85073,-158.3856,160.8086,-283.9572,197.6799,125.1164,-176.4864,-348.6331,173.7885,277.4215,50.86057,251.1676,149.7302,-448.995,-109.9067,-52.29156,-33.57774,74.52374,-236.175,105.1692,73.83447,-74.5385,86.42091,57.64633,-0.3724848,51.83696,-129.3791,-5.332938,5.381902,-70.25984,-72.33591,48.33805,0.8595672,-27.91147,106.5557,0,0,0,0,0,0
2217.493,1536.337,-339.1733,-250.2298,203.7015,-14.15052,-10.75448,-8.390408,121.6894,42.68068,220.8723,-560.4915,-1327.831,536.8816,178.4916,57.55114,-425.3498,-2.070606,124.3572,752.2789,-138.2931,-371.6997,-220.3349,-28.02398,-29.32328,23.44256,168.0493,-280.4333,3.779788,-165.4686,-36.3703,58.985,-258.1899,-135.4602,181.6183,-426.3986,-56.44298,65.3464,36.05158,228.235,282.8467,-202.9832,-5.000376,274.3833,210.6922,121.6098,122.7033,-337.3293,-170.7025,537.0941,-61.57543,-222.3368,23.20108,-425.9099,-402.9299,110.5933,-73.31933,99.64463,173.7211,405.3593,285.5165,180.8641,235.913,52.55464,-156.1146,304.6309,133.7087,49.54414,577.6849,-94.93932,290.0055,-27.42258,-223.0854,286.8415,275.2781,130.1984,-274.1278,-60.87828,22.06474,66.85918,112.5828,114.4869,-129.7523,-79.1767,-99.90686,-14.81899,-27.61518,70.16222,99.14702,-85.19691,5.926836,-14.61257,29.55814,-10.45557,-11.30788,0,0,0,0,0,0
1738.778,1551.978,212.7195,-382.4858,240.9408,-150.4737,-254.839,26.95347,-32.42382,-332.1522,-13.03087,-352.7362,-790.92,326.0618,333.8367,-43.53192,-486.7022,379.3181,-173.8743,569.5574,-159.6015,-415.3834,-74.21519,-27.23583,-99.13315,-124.2348,558.2307,-12.12697,-248.9142,14.53588,-369.9001,248.156,-54.00529,-494.4489,-113.1893,-462.6809,-36.75958,117.3535,-226.2834,-19.40194,98.88978,-45.32405,21.2502,145.0348,244.1597,-90.2251,43.95193,-489.5324,-218.152,561.2409,-67.49243,-108.8137,223.3987,-116.8515,-117.5108,-159.1049,-79.66438,-80.85928,-136.049,-157.0703,-476.8496,-10.93625,-77.11668,-145.6542,-248.5337,-419.1785,109.5883,-499.5321,-132.2541,206.3558,-214.2274,-7.660965,343.8808,-46.1761,-140.6068,-61.19897,421.378,-61.69466,-65.67817,-24.31269,-199.2222,-211.5939,52.30921,-26.67693,180.4024,87.95529,97.9826,-79.63618,-1.205217,0.9135753,-71.141,23.06053,18.71777,3.386132,73.29866,0,0,0,0,0,0
3620.684,-1400.218,-833.3673,-727.1693,-638.8953,654.3403,1026.335,429.7196,368.137,-1026.84,259.4589,480.8919,400.9615,-36.28255,63.35938,471.44,61.46478,-240.8145,-124.1653,-335.9012,136.8643,94.63096,12.03323,-460.911,190.295,-186.4987,292.205,115.1482,-160.2308,133.7888,15.22955,314.5455,23.76445,-128.6936,-158.3577,-168.912,54.50199,54.96611,257.8969,-70.29443,333.8624,82.7563,6.991899,150.3526,-255.9578,120.5112,-93.05662,10.30358,-183.2808,95.07497,410.9846,-326.3913,-259.9548,92.63855,-253.0712,-84.6086,-909.7502,177.3071,418.4659,-586.7999,-20.09623,404.2451,155.2948,28.55483,313.9135,-211.8126,-258.9631,268.1489,177.3516,10.55324,50.47218,-182.0432,-164.1106,-95.53677,-162.7589,-85.68362,36.26992,23.73897,-58.42997,-135.1521,-135.2606,-65.11836,-54.90669,-31.90199,-57.97396,81.70998,-7.59239,-2.883384,27.43022,-4.50595,6.094239,-14.1586,-6.947027,-15.26214,-39.00927,0,0,0,0,0,0
4521.409,-157.9575,-1713.752,-604.2883,-1177.855,877.9612,1192.708,-68.32379,876.7615,-821.4288,-69.01321,410.4829,436.4507,-334.2523,-735.4494,543.7196,349.3967,-549.621,-213.1939,-57.79527,-415.1319,479.4136,-344.627,150.2983,183.4532,-96.8257,417.5525,160.9711,-64.27482,-307.4405,69.49618,421.7531,44.05722,293.1087,486.4866,-226.51,-180.8995,110.101,-155.9702,-424.1003,324.5823,-141.9118,328.4204,-147.8621,139.4614,-349.9866,-303.2981,159.256,-135.2615,-135.4277,-36.53937,94.97773,223.1368,-226.5895,153.6273,179.4382,212.7459,-55.01247,-30.6739,37.03673,-56.01925,163.7645,1.844012,-44.94555,-256.5275,-109.6077,-144.1553,-117.978,69.20882,-164.6106,-71.86206,144.2407,-153.9263,17.53711,181.4032,-62.88029,62.38675,-103.0569,-154.5025,-134.6214,279.4813,277.0176,391.0497,-83.95819,382.5773,-124.308,47.76373,-14.37796,91.66913,-78.37589,-32.80259,-33.55148,13.36821,22.03408,-39.64984,0,0,0,0,0,0
5216.589,-1380.281,-819.447,-2.058176,-306.8805,1400.243,1006.006,-231.7123,-46.80851,-87.88966,121.6786,136.4484,-147.6995,-266.8327,-442.4718,467.8169,-89.74823,-656.9571,-146.358,-368.4447,-744.4962,233.2564,33.58187,376.2824,220.5096,-108.9195,292.687,41.3361,-193.3582,47.13251,-58.66079,-73.22917,14.61387,281.1633,173.4717,-119.5428,-450.4238,224.1377,28.73137,-273.1181,207.0321,-73.88371,76.10594,-96.34418,128.8794,-254.9878,-88.41154,-49.55642,-45.7314,107.589,-169.6663,268.0658,321.7197,183.7631,-115.4853,41.4781,369.2878,-21.99566,-0.2607438,-186.2094,108.6413,-97.31574,144.7813,189.0395,-260.9355,217.5341,-54.65058,-83.40572,97.32002,254.508,166.15,33.71295,-98.32404,-137.1702,-380.5808,165.8515,-190.3898,333.8233,286.0577,117.7819,-155.8908,-452.291,-189.3332,206.9199,-240.0333,64.07861,-59.66554,-16.60943,-130.7784,24.86091,-61.61671,77.00195,6.667122,27.30462,96.25317,0,0,0,0,0,0
3861.26,-3506.79,-1853.211,-1052.078,-706.7343,671.3252,1043.276,856.2609,-473.852,-248.2763,574.7903,591.3646,-429.2965,-240.4813,180.8741,-74.06022,322.107,-449.9567,-189.3928,-560.5874,79.3139,-23.15265,221.646,-666.3835,728.9209,89.8037,-137.4347,-229.8613,-114.4924,76.27597,-28.96028,131.5795,-49.01903,-356.0651,-444.6672,-97.25632,-139.3492,196.5571,406.1248,220.7044,-105.2272,-109.903,40.54365,223.1207,-170.6126,67.277,-87.06244,-2.134588,157.4476,-33.84972,-150.0972,-262.1472,4.542511,180.9934,53.68541,64.08253,200.8512,243.1745,-149.1903,311.4263,229.596,-365.1523,-198.0708,20.4776,135.5123,-64.46488,234.6964,-127.883,-75.34093,327.5318,22.13903,68.54247,129.7314,357.6088,-105.6141,-32.98143,-261.7888,-203.9934,191.1444,-91.68734,-373.7339,222.4415,164.6808,-141.1219,155.0903,88.31978,100.9812,53.92678,11.24311,50.50402,133.0042,-70.73351,19.34271,44.30809,26.15287,0,0,0,0,0,0
2001.591,11.43833,-1028.502,-723.9135,-407.7711,190.758,946.2908,297.1052,458.3463,-634.3913,687.0731,271.3046,13.7513,-268.2194,-87.70472,-121.4697,160.8932,-207.3042,-0.0445887,-298.7331,-129.7563,254.1293,289.2135,-635.0478,86.55265,195.7592,107.8692,194.0013,7.100804,-52.13697,-31.16429,610.0514,-14.82422,-236.7426,-56.58739,-0.7087966,-8.564931,270.3274,-8.104826,11.06636,-153.2134,7.625813,-55.53556,31.12666,-203.7701,-28.16751,-174.759,135.2033,-1.760542,-67.25011,-114.2628,-462.9323,2.167525,177.7101,-21.96911,-102.987,119.9211,95.12851,-159.2031,219.3534,-173.2488,-74.62756,-201.6164,159.8811,28.66596,-119.8542,345.9687,32.15702,-99.69268,-249.9264,-61.63282,157.5129,38.98191,15.44692,584.9192,120.2039,423.4907,136.0305,-2.566826,141.067,353.8792,-102.2653,-466.6268,206.7715,-266.2726,58.63065,6.003742,6.613764,-58.40897,60.23708,-52.68334,-2.429467,46.66992,-17.86936,-30.87966,0,0,0,0,0,0
1857.381,-3332.383,129.8112,488.5844,-154.0589,705.9088,516.3678,-328.475,-165.3294,-122.3446,671.132,417.0219,125.8796,2.492711,249.8677,-322.348,-330.5821,228.8111,-323.6821,346.8669,328.1324,-259.3661,559.5078,99.9676,122.746,-191.8372,-252.6831,33.82018,-259.3354,68.00607,47.52663,-173.043,-191.0515,477.7175,146.8762,385.9034,-282.9855,-190.5217,-105.2203,-350.4543,37.46159,-134.3644,-208.6106,-5.908581,-284.8368,64.27917,348.7155,257.3456,-188.0667,-229.1662,-543.649,-56.754,-65.71318,27.85377,-414.1713,-762.2304,121.4986,-465.9915,440.4349,-117.3338,264.3222,149.2612,185.2831,-85.24426,-10.13392,33.4668,100.8334,-358.0557,83.93164,-108.2877,-309.5537,-221.6463,220.7446,3.003398,199.9482,157.0059,-9.589118,-141.0975,74.25393,-107.2765,-44.42084,116.2613,4.815785,5.72872,23.78938,-0.7288358,-9.951069,-93.19227,-21.88432,-94.87772,-51.71737,7.867976,9.596257,72.41109,25.73686,0,0,0,0,0,0
3007.344,1103.508,-735.5724,354.4537,-257.8153,46.41995,662.1579,666.8653,931.243,-11.29855,786.9414,-389.8644,-489.8924,234.2596,-266.5633,-120.4124,151.3947,-168.2254,224.266,280.4029,-40.11709,591.5414,742.9258,-20.50217,-600.8688,45.25406,-309.7995,-238.7469,235.6853,70.63215,478.7744,-609.024,-707.4943,383.1117,93.21341,958.762,-405.4225,108.8225,-501.3044,-111.0765,418.9511,385.5927,-253.2103,-2.367341,-529.3865,-379.1895,-172.6379,-235.4519,302.1972,438.1077,106.8645,-198.7008,-114.4192,-292.2051,134.5438,123.3971,-135.8325,-161.1906,-142.1926,207.8559,-146.2219,-265.6756,-90.40922,-51.57182,49.35652,-153.9037,-64.00829,165.1375,51.10627,29.98309,-7.739446,-52.95505,13.8063,-54.55339,-78.19118,-34.24478,12.37753,-66.84694,-66.85629,27.7418,-89.45179,-109.5007,51.91531,-54.16303,17.3117,58.37148,92.21861,79.67107,70.20855,27.83495,-47.9826,-68.05196,7.298564,-76.12421,7.550759,0,0,0,0,0,0
2121.611,-767.0374,970.3762,-93.86447,398.9081,415.5266,51.45803,-811.4517,-55.35478,-1092.323,284.2455,-47.7943,245.5824,345.4962,-803.7353,-1334.393,-229.5312,-447.3466,-589.6935,1019.082,-318.1577,-549.3411,-104.0999,125.019,901.6682,170.7127,409.1986,748.4464,354.8476,214.4989,68.88095,192.1187,-182.1848,562.3762,349.3578,-173.4429,4.845085,-205.9431,-246.7134,478.265,-182.5477,404.1333,-2.155702,-305.1228,334.9765,73.76587,93.41811,41.94503,496.6494,24.95941,223.503,168.0934,-245.3119,74.93461,84.12748,217.1287,-214.5725,148.7296,313.4773,237.9916,174.5273,-139.0993,-197.7311,-72.13776,240.5932,107.2624,63.14565,-15.90691,-93.96821,-89.45174,-8.08796,78.2923,44.49149,-93.58769,44.38327,178.4028,87.50322,18.01073,35.31792,-114.5826,-165.4067,-165.0988,-32.37269,-14.68713,121.8175,6.112475,87.41988,-39.05652,29.21734,-6.117249,-8.966556,11.66125,43.95766,-3.898129,12.06087,0,0,0,0,0,0
2360.712,-1864.71,1448.426,100.9963,629.9968,483.9233,-1.937274,-91.57583,-611.7471,-642.5645,693.0274,609.8678,-465.1651,-220.9639,-301.9581,-512.3031,-574.3247,365.0809,-296.0124,219.0996,414.0826,-616.9321,605.9584,-151.7763,497.7315,322.3645,-219.2369,424.7585,86.61488,684.4178,-255.2224,-233.788,-33.91628,-7.906248,80.48678,-324.418,61.21883,-129.0885,-110.7477,-373.8587,163.5521,-19.37121,-123.9826,265.1526,-101.5788,-168.5478,-292.5193,-103.4621,-84.14053,14.38311,336.1232,268.5749,-227.1963,-96.94837,136.9759,160.1713,67.2718,58.86444,-335.5606,-109.5722,-301.6723,134.0443,42.30802,243.8466,-241.8955,89.66355,-378.3094,100.191,-160.8307,230.9263,-91.26757,-160.1267,357.3107,240.2832,156.1515,-117.7573,-320.3022,41.63945,-97.30817,39.84598,321.4133,96.48352,98.78353,76.15257,-234.8528,-5.208941,-93.23597,47.30798,-65.77681,-32.96407,25.49188,1.826425,-98.60741,-3.937215,-78.99968,0,0,0,0,0,0
1709.326,-2986.535,1095.091,258.3373,552.3541,379.7805,-242.346,-342.4192,-324.3029,-665.163,298.413,389.5853,229.354,186.2995,38.1399,-793.7366,-244.2185,307.0343,-526.3756,363.4908,270.594,-228.8039,198.403,136.8605,0.2190406,181.8447,-164.9034,11.23543,-44.63649,-57.04497,177.6959,-270.7272,157.5138,271.0249,-204.6069,96.79137,-206.9417,-96.9854,-196.9313,-54.18349,-177.4006,2.770821,-304.3415,-26.18189,-118.059,88.48634,197.2211,68.10538,-292.1446,2.798355,-29.8692,55.18467,153.8207,9.70515,44.92466,-20.48361,145.9221,105.8643,-125.6253,-6.404066,83.37469,126.7676,61.99455,54.55114,-123.7971,-622.0351,-42.39016,-133.0768,17.24945,-28.68254,417.8174,350.0482,-622.9989,236.5355,-254.9759,-404.7514,223.4525,-21.88724,-18.56077,157.3534,43.92219,130.0621,-233.657,-127.2636,63.41005,-62.1549,-97.46947,46.19347,-104.1289,41.88435,114.7658,111.3574,1.551879,-68.01686,53.3313,0,0,0,0,0,0
1942.633,897.2136,-591.1578,-911.6929,128.4516,803.8803,602.6221,1776.425,-828.9244,951.7585,-377.3462,457.0163,1455.903,-304.8953,1116.517,-986.4738,180.552,-587.7399,-245.4639,860.7286,-340.5342,317.5194,-787.4438,484.6802,-322.2709,268.0615,-1227.884,110.4837,-253.6274,423.6405,35.00991,238.0993,44.98621,-214.5463,144.6357,-325.3638,-309.9146,86.74472,-192.626,133.9335,-34.96151,64.54052,190.8338,195.2538,28.82749,-123.4509,264.8236,-286.1129,9.1595,-30.06117,-37.41534,15.73692,-38.78748,249.6226,-172.8862,-146.6049,-103.0735,62.78836,-181.1985,171.7205,39.46917,-23.10084,32.56166,127.7559,-244.5858,-89.06299,-79.31939,303.9415,44.86575,143.3733,-138.5165,-144.0565,-86.67995,-294.9743,107.2587,-51.65397,-19.85763,-103.0458,0.1586633,-0.7114996,45.32638,-40.02373,6.102286,-0.5099704,96.46673,26.82989,-19.85897,17.93913,34.78993,23.49377,-38.08038,32.96505,18.77476,-4.445289,-20.29517,0,0,0,0,0,0
890.8083,2768.919,598.2545,-564.2712,205.8297,468.0365,237.8281,911.9498,-299.2629,1252.516,-186.3269,-266.1781,878.2449,120.1461,601.2773,-77.849,-181.431,12.54943,49.65685,351.7891,-85.03154,321.8498,-114.0532,66.0862,-20.71499,247.5512,-815.0707,339.6156,-184.6097,390.9434,-415.7912,139.6399,-78.77773,-105.7705,-35.63075,-268.4453,115.71,-13.28126,-104.7876,-364.3689,438.9674,64.97005,-178.5212,37.79011,-46.29559,22.36289,-254.7248,455.8777,229.6579,133.7841,-109.9325,-119.1753,131.7365,-480.8192,647.6072,123.4199,3.469945,44.95148,404.2316,-325.9444,-147.023,4.780873,-17.77443,-131.8495,336.6775,167.8346,71.51057,-511.7914,40.9105,-193.6527,224.7033,179.2045,13.85802,314.5252,-2.072936,95.7062,14.93947,164.5243,28.2649,-17.56093,-119.9921,29.11372,-10.05854,2.395662,-120.9577,-19.48572,14.64905,-55.24555,-63.34902,55.70296,72.73152,-24.35507,4.013077,-5.012698,14.30976,0,0,0,0,0,0
1930.798,2160.862,645.7369,-1165.427,-4.789349,879.3289,397.869,933.0494,-237.9706,1689.344,-414.8171,-118.9215,795.3231,383.6729,-320.1769,222.9824,-269.2607,141.2864,123.9929,717.4852,-14.62504,178.4559,163.8917,-430.713,420.4448,469.0197,324.5073,51.14494,337.3059,-480.7748,310.8206,-119.599,245.8657,86.90707,-158.3022,456.2272,280.1431,-252.9732,437.8344,184.3088,248.7671,-61.17476,-326.6788,-387.1261,127.2425,-2.398512,-169.6443,-15.75972,-92.70699,-269.1457,136.859,176.1593,97.97636,287.063,-658.0489,-232.7091,181.1017,128.403,32.18874,8.846891,-497.832,-6.747252,-547.6494,-9.639086,-124.8628,18.59852,-253.3681,-5.264679,314.0395,-90.86244,135.1315,-34.36332,133.7029,254.0046,-34.79726,-2.646221,-7.728827,43.32771,-76.91628,32.05732,-52.30573,-33.40196,27.83398,-39.18172,36.9452,-37.34864,18.76485,42.39842,-28.93825,-11.84317,-15.32509,8.434121,23.64959,-5.428908,-14.04287,0,0,0,0,0,0
2611.826,1706.027,1300.623,-638.1905,-71.47138,1508.136,416.1579,662.1288,-355.3349,1553.954,-332.2546,-499.8072,726.5261,152.6421,-378.1361,89.7035,28.31762,50.23864,92.71482,-2.430283,451.1672,-383.2758,420.1025,-493.4011,-309.3602,-133.8354,814.2663,-345.0634,147.214,-148.6831,-246.5384,-450.4264,86.92868,-8.217153,469.2814,-123.3868,-532.389,523.8832,-325.5794,-279.3586,-1145.559,43.29212,558.3705,428.7262,-209.2436,-60.87682,430.1054,14.49405,-163.8315,-177.0029,368.58,-95.74866,-316.4296,-164.5653,149.9743,113.8345,-17.33395,84.3116,134.8608,-110.9449,92.37521,-93.67672,-170.6449,-80.48196,-15.20251,26.76582,-71.96403,-122.2696,50.16673,17.88456,47.57562,-31.47516,-19.31676,18.76292,21.48063,60.71137,7.42897,50.5728,30.90137,-8.788295,34.67109,32.99641,4.287333,15.54553,-2.89623,3.854741,10.14372,16.03494,10.01813,-4.055118,-4.708075,9.850446,16.5894,-16.80082,20.4651,0,0,0,0,0,0
1671.799,2403.179,1327.207,-812.3199,297.4933,1132.331,239.4951,557.9324,-233.8212,1642.536,-473.748,-362.8734,911.0206,451.8534,-462.5296,304.1927,-232.2411,147.8626,51.38314,570.8608,93.94302,-131.8025,403.757,-565.7187,664.0232,268.8815,656.9312,27.77244,-11.01331,-138.0085,-189.2838,-237.4328,-54.39315,-60.99934,-154.5035,50.70211,316.8995,-242.6424,330.0359,-34.1147,320.3343,-118.162,-180.6353,-287.0102,-164.4147,99.65044,-200.9144,101.1408,43.3679,293.7857,6.983632,-47.67432,147.3992,69.23299,205.4283,63.88059,-128.0812,-286.0555,-323.5699,96.38372,448,79.22852,735.8359,78.15698,-37.39048,-123.9295,303.7957,148.0462,-380.8534,178.0043,-173.7233,109.3341,-136.7016,-284.3102,33.66011,16.82561,-7.282434,-128.4748,9.088722,-4.026098,71.95261,36.73605,-30.60641,49.91705,36.8523,-29.55745,13.84603,-15.03386,8.277275,-14.43918,-6.446781,-15.33894,-41.30214,15.59803,-0.8921162,0,0,0,0,0,0
2894.018,-2235.873,194.7774,-1536.503,-647.9631,-1741.726,284.5575,-1092.602,459.0476,814.7291,-819.894,472.6137,705.2819,107.7551,-776.6958,-1224.769,88.00175,-731.166,389.9594,-127.2745,-277.9448,-454.0398,46.36096,167.4856,-888.4044,-202.9137,200.6721,41.17979,152.9347,227.5702,854.9673,-141.0589,192.9754,-465.8686,-125.4726,-12.98465,-42.06108,-77.65041,26.42336,415.9021,-91.33739,514.3726,3.066189,-97.74098,-88.27267,214.0797,-560.8209,-213.4655,-542.8633,-95.24332,-109.5293,-343.0388,124.6404,-169.4895,150.7337,117.9314,108.8878,-235.6689,-38.55737,-69.38372,64.26157,397.4029,19.89419,183.3003,66.99015,230.9003,-26.10184,-151.3949,1.033243,59.43527,-167.8355,-10.55041,146.582,110.6271,-75.19279,-15.4871,-39.66373,43.5581,73.96103,37.16047,-32.2677,39.03055,-60.04028,-46.19765,19.31952,25.9852,-40.53404,-50.69201,25.2846,-35.82611,14.97366,10.42459,20.66027,40.50389,17.78339,0,0,0,0,0,0
4880.251,102.9712,192.9415,-460.7641,-779.3572,-986.5048,-374.4755,-937.3991,352.482,662.5117,-1062.257,62.81903,81.89891,533.2042,-893.5905,322.8271,370.2799,-209.4481,-161.5401,126.5165,374.8716,-148.0813,868.3973,1021.9,-379.224,22.91673,-549.7435,-213.2732,171.2815,-10.53617,-629.9421,842.472,-828.1115,173.0826,-636.8121,109.6268,-53.62329,223.4617,113.3399,-306.5728,-552.2911,-211.6485,-349.2336,-75.82076,431.2867,183.8526,-168.1597,-108.4721,56.07073,285.4865,117.5173,14.53497,71.94965,361.1606,-32.64342,21.94434,142.236,250.8515,95.2057,-159.1009,201.7994,-42.73323,43.13847,107.282,82.94294,-191.5416,-73.06914,94.63764,79.58108,-81.48834,12.80372,-113.4293,35.78792,-15.66313,134.3354,-5.684438,-25.3531,25.71125,-56.96487,-21.79277,-0.8484463,22.65054,122.3124,27.53676,30.04849,-24.0903,32.7508,42.58126,-48.79852,30.27448,-18.52978,-9.692599,-10.41612,-20.10467,-32.57608,0,0,0,0,0,0
4181.788,-2144.813,797.4207,-759.7701,-971.7792,-1257.974,756.5989,-869.8417,421.7967,457.6698,-939.4188,450.1252,312.4023,-293.3354,-1141.398,182.5379,304.0954,-476.0555,54.2557,112.9314,276.2809,-527.1916,-56.85064,542.9653,-386.4188,-528.4494,154.4611,-93.12289,42.24482,168.481,-367.2574,-348.7057,-50.38531,-322.8874,-222.6191,-452.3521,417.5544,-478.1337,11.4177,-252.6351,702.5458,-271.6184,-100.5725,198.3137,-280.5747,-118.9483,796.9081,224.4896,290.0488,-421.8879,-123.3152,-40.53512,-183.8696,-299.1684,-124.4061,-5.934686,-227.5286,87.71655,-238.5321,232.2112,-154.427,-262.2522,-237.2121,-279.426,-120.8399,-40.16643,135.5223,112.7535,-40.45326,6.539476,101.3914,40.7312,-48.57063,-57.31924,-56.28975,64.76201,35.21416,-22.15121,-22.26421,36.40969,-4.371271,-17.85707,-61.00011,18.91136,-98.34646,3.383366,-22.77776,-14.93537,3.914147,35.47498,-23.23882,2.928081,8.968937,9.321198,41.21539,0,0,0,0,0,0
4833.908,-544.1643,-929.8571,-892.7935,-756.2675,-958.9453,-588.457,-1290.523,-14.10546,1689.03,-132.1884,1253.201,-774.2023,563.6602,-319.9756,-670.7902,-810.6193,159.7726,478.4183,-1268.964,353.5997,56.67362,-636.1805,-186.9514,573.2648,-41.87575,-423.9099,144.4659,-530.4462,95.21262,-105.0288,20.62299,237.0679,-10.77672,776.4152,238.8616,10.68381,167.4617,8.56008,213.9084,-26.14391,-386.429,-91.37035,232.3996,-32.45738,-25.72821,-91.0844,-61.32057,99.33621,240.0519,458.1568,218.7762,261.5989,-21.56948,-104.1562,-161.2046,-30.45948,-412.4581,238.6491,99.05269,-87.81314,-362.2788,75.13055,-22.59452,117.3912,-174.3443,-12.50915,149.6129,-7.999102,-118.0346,74.33974,114.07,16.18924,-81.1082,-23.25008,-20.71887,102.444,76.99739,-29.94719,-87.26736,59.58293,20.52809,19.37057,-95.11047,-20.62923,24.37301,-25.51791,-6.653689,58.48474,55.60599,-9.873858,10.81481,-1.835855,-11.23078,-15.2348,0,0,0,0,0,0
1553.514,2706.771,-215.703,120.6223,-335.9413,-1394.551,-985.1887,-638.8522,1031.118,721.5353,-185.1161,270.8762,-67.15922,869.3619,-48.23143,-601.5396,-11.06136,476.4059,344.1284,-574.6914,216.7879,-137.3159,-340.9072,-479.0528,695.8214,33.61389,-241.1049,-573.4175,27.13381,102.7827,148.224,376.7105,128.3423,356.485,-81.7914,204.4529,-626.472,-151.9491,-85.72228,-42.20668,212.7478,-234.2002,301.3605,-138.7964,-55.33173,-265.7894,186.4665,176.7427,353.3705,97.47486,-414.4189,-18.90481,-570.3694,344.9314,193.1989,187.0208,-183.0622,331.1337,-260.9017,-150.5696,-218.0312,556.6524,-32.74322,14.60372,-229.6897,104.7039,62.02377,-187.8135,108.4741,83.51749,-99.25719,-116.5308,-109.4741,26.27941,-39.95337,62.19366,3.578931,-94.57076,172.3078,178.994,-18.34995,-13.19515,-52.49859,103.9437,99.94483,-63.90911,44.00189,15.50467,-46.19637,-39.25003,10.18113,-11.86468,-27.3977,26.03746,18.03891,0,0,0,0,0,0
1720.907,1855.988,29.59958,260.9219,-328.3917,-1124.347,372.9863,901.259,1390.221,-1259.451,200.9378,-195.3346,958.0952,481.7984,-175.0575,-62.57705,551.0082,-288.6542,-652.0062,249.9279,-15.92268,-227.8024,-623.5195,-63.67387,133.9074,36.1836,-15.19251,-320.5938,-684.6074,-378.3671,-164.0404,-218.469,247.9788,-80.83933,-133.0303,319.4887,366.276,9.935756,-226.6921,59.229,-151.692,-164.2477,43.50958,-34.79831,-6.483605,4.079095,302.6944,93.30653,-101.1952,338.8012,100.7177,309.2575,91.74765,14.25946,43.44116,-159.2952,-32.59717,-237.7936,-110.6069,-40.65595,245.2367,61.16999,-13.80062,-9.83495,258.3716,90.67363,-99.85098,76.68736,-43.01043,67.65905,25.35677,23.70867,351.6993,162.3345,15.65463,48.80236,111.7632,296.9761,192.9812,517.0901,6.313003,133.2313,213.0558,-53.54005,-72.53725,129.9376,-47.25639,266.8454,12.16904,-50.60746,45.94713,104.9666,32.18509,-48.3284,-116.4965,0,0,0,0,0,0
2190.543,4349.576,282.5249,188.0282,708.7766,-785.3769,443.5258,277.264,953.6207,-480.6526,643.9603,-401.5349,-219.0435,248.8599,-122.268,-183.7317,-152.9548,102.8139,-114.2758,-319.4137,-222.6074,-219.2595,25.57772,-128.2827,-114.9805,126.2011,-104.9259,196.9715,-179.3546,7.612507,-399.3463,-319.0211,72.99075,-141.0508,-23.09241,65.8615,49.80165,-98.55791,-54.46984,104.3781,-158.3162,-16.6823,-196.3158,-152.9236,151.8745,-103.3446,80.94782,-240.1863,-47.1235,-181.6061,-195.3002,-7.875865,186.6063,-49.00347,-97.54442,46.59726,-36.98996,106.4755,2.74145,-229.1335,-60.55236,-57.01743,-48.75663,78.07382,140.1622,117.2262,-10.23087,99.82494,-101.6654,59.89127,9.934419,-145.6763,-137.4336,-73.54015,84.74608,-65.04132,-94.53929,-23.90207,47.89075,-217.0975,142.8842,208.0821,96.2496,86.63924,66.12854,10.16383,26.19205,53.38049,-32.42822,267.4409,92.18325,-56.35704,93.81625,292.8078,532.9579,0,0,0,0,0,0
2571.878,4189.166,391.9344,362.1069,158.8583,-319.4035,63.85988,128.7182,690.5979,-131.2651,358.3563,-13.57086,-289.378,201.2347,29.23365,-221.9521,-601.3815,-79.76262,323.0435,-370.3638,-462.6255,-364.7863,-6.417791,-415.899,328.3375,43.2237,-332.7986,587.723,460.3106,-89.8257,-174.9192,-294.9215,22.76993,-205.6168,-385.2267,25.73522,-175.838,50.95226,154.8356,-212.603,-198.3178,-89.58521,136.3578,-83.90134,-17.22997,-196.807,43.5555,-365.6259,104.0066,-451.1514,-424.6465,-184.6684,163.2633,-256.8478,39.18613,-189.0993,114.9833,297.9699,171.1627,-54.19388,452.4035,46.85732,32.19175,-89.43748,-234.3191,76.46404,69.41606,326.6096,-102.0799,-366.1966,-105.7788,1.183514,64.02664,93.27816,-219.3504,-240.6598,145.7344,49.86211,-296.5248,11.139,-62.47913,-265.8227,216.8991,-84.80559,-81.32676,122.3104,-225.1311,-71.22661,96.32417,-0.8257357,61.96374,77.54007,-27.24177,-46.12519,-190.774,0,0,0,0,0,0
2443.725,3706.207,-370.223,46.48431,861.2427,-729.0366,401.6067,277.3864,910.8391,-381.67,531.9388,-271.5305,-404.26,57.38335,-131.3735,-145.0747,-66.50395,-6.58725,-102.3029,-290.5278,-118.5675,-37.03627,140.3887,2.954027,-385.8337,34.73344,-161.9048,172.8795,-238.8867,-27.3285,-387.9909,-252.7994,323.7519,-79.88,-43.70696,99.90977,-53.57885,-347.2646,88.55469,156.6973,-233.1795,173.237,-423.7645,-152.7102,14.88132,29.69343,108.9347,-129.034,-47.16517,-338.2919,37.35032,33.74644,309.2325,41.21466,-32.35873,28.3505,-221.4857,65.69205,115.9795,-296.4078,-148.6926,-353.7675,-92.54313,261.1575,-84.67647,117.8425,135.3553,-285.1,-47.65109,347.9841,111.6184,-128.2025,-232.9403,-258.0523,45.22495,87.85061,-132.6744,-45.26165,231.6704,-147.09,198.1823,118.9184,-168.2414,-65.62513,100.6965,-149.7675,172.7294,-55.23536,11.48295,-221.8766,35.59987,-81.29798,-22.25407,-151.6254,-378.6424,0,0,0,0,0,0
751.0505,-747.6093,2314.121,-54.34078,-239.0411,-1000.464,333.8885,278.6481,-70.24734,-1033.816,110.4229,-17.25439,1139.837,228.254,287.3244,-243.903,260.0258,68.06693,-818.2154,-424.3617,233.1996,-388.1175,-8.288331,-376.3601,-70.83192,48.83522,59.30954,-403.7845,-789.4509,-149.7212,-193.8519,-49.6691,-50.35917,-534.145,-53.9841,367.5074,165.048,-175.0591,-96.81985,32.48941,-174.0446,89.86334,15.68275,203.1253,-186.795,-127.228,-207.3901,-20.92811,-118.724,343.7888,-62.84177,297.9198,-47.17709,58.55611,-53.43065,36.05973,283.6299,173.8343,-148.8166,103.7381,-163.3577,-93.68933,132.3961,-149.1684,2.72444,232.0863,-93.04166,110.9008,156.284,-427.8895,-142.6005,131.6215,-164.799,-15.31936,-103.7723,291.2409,-173.4313,-111.1278,-276.0442,-292.349,-70.03942,-263.4044,-106.1908,3.36987,37.04659,-317.5212,2.207786,-198.0651,-67.34406,-5.608719,41.1222,-64.16053,-139.9505,-35.62053,61.36402,0,0,0,0,0,0
-3.384411,-2409.235,2649.945,135.6855,1844.303,-280.4547,-638.046,-58.55546,-363.0283,-703.6641,320.6782,-29.63954,504.5558,450.0044,-186.2126,-83.66101,197.1712,-247.2406,435.7575,-80.59276,21.32638,408.8544,72.73589,424.2148,-46.05172,243.3142,-47.95023,-122.264,125.5598,-351.9275,-421.0832,64.07825,720.5592,-16.68864,-192.4318,301.5522,-105.2306,-72.37994,223.4312,-365.4163,587.3561,-107.3923,677.1098,-289.6274,284.6681,-93.87927,151.093,-568.0677,71.81976,4.799183,646.2092,-391.3956,-230.6936,40.7353,441.4129,-404.5686,267.6501,-141.7727,50.04851,79.79809,184.4859,-89.0947,-44.77103,116.2198,41.33687,47.64331,137.3461,-5.890261,180.2372,17.17257,-0.7495961,-179.1267,97.75719,117.8235,-141.0309,10.71822,74.43872,-57.78663,23.81568,-167.2419,129.1091,48.08547,-197.0839,-54.85323,-5.251422,-21.35675,145.4291,-18.38464,17.63176,1.710176,29.46403,13.08921,-3.344858,14.53976,41.00896,0,0,0,0,0,0
2236.183,-1153.354,3359.521,1250.72,1200.973,403.4764,-634.0011,-562.6218,-775.9469,-288.1846,693.5215,180.1102,473.1895,-236.2931,369.1749,-337.7982,-374.2722,-1131.055,714.7145,-308.2871,460.2584,90.40486,-854.3172,-1120.192,-1106.261,141.9546,274.2304,295.6531,206.8469,-806.6569,-38.11221,-23.45439,-799.7077,280.6483,-440.0052,-377.8777,-311.6174,-149.5096,23.26688,156.9126,53.74018,-370.3967,-178.4201,103.714,354.647,-151.0229,-30.52375,150.8669,239.2867,6.420238,-202.1245,-61.21132,16.29758,160.4489,-20.57702,121.249,-1.887911,-328.4091,-61.79304,-142.781,-65.602,-102.5842,54.06528,-117.8653,85.11727,-105.5508,-223.858,34.28326,-7.003748,67.79031,7.974607,8.187816,35.65932,22.25343,57.55235,60.17897,-78.30817,67.56787,34.71902,21.83255,44.09032,21.80193,38.978,1.087204,8.078511,-22.94239,34.60594,4.479019,-7.082379,-1.589775,-3.479073,-16.15815,-14.5106,-6.213359,-35.27319,0,0,0,0,0,0
1090.931,183.9072,875.9327,165.705,1817.96,-886.7976,-734.4238,-142.5475,-173.4586,-444.7478,-17.09074,-529.8209,261.069,578.697,133.5306,281.7552,123.2807,-529.1926,818.5711,-273.4896,55.44839,472.6281,420.2653,292.1267,377.873,-117.4019,211.9515,-54.52145,-323.2202,16.57678,-181.0573,-95.25668,164.5695,-212.7782,270.949,-42.01096,2.335869,211.7404,-38.47794,94.19638,201.7751,167.743,-175.4802,-4.866414,122.9323,69.24434,-118.8102,-256.0453,-65.87875,-192.5409,-66.11104,115.2393,-279.2866,-214.1602,61.27761,-223.2492,65.51018,32.9091,183.809,-101.9302,11.61627,17.00352,-266.3362,-8.496412,-101.7579,-234.9781,-228.7581,71.96467,-65.24305,189.1331,-219.1128,466.8265,-230.3852,-173.7427,543.5505,38.4116,-238.8962,-102.0875,-27.91104,294.5137,-461.3183,71.44388,32.55421,108.2812,-3.909341,17.42303,-265.3509,-95.98207,-47.58567,-10.29995,-5.439628,-33.83065,-42.99614,-23.45532,-20.51925,0,0,0,0,0,0
2548.427,1329.763,-282.3035,301.2912,1855.916,-997.5764,-964.3719,752.35,43.52083,-376.4255,8.589994,-483.8513,208.2397,493.1932,294.4734,430.0517,289.8536,-834.4435,899.1497,-302.7107,-154.5819,355.339,122.2039,87.27922,278.5529,12.67721,116.491,151.6675,-406.9152,236.1763,266.5759,135.0457,-716.9483,82.8658,576.225,-493.6402,129.3418,96.54573,17.65131,-59.82686,-44.07402,108.5418,-456.4346,-123.6498,-227.9167,408.6263,-18.55494,195.1125,-547.8713,-273.34,40.41773,443.8362,-612.8126,67.38716,14.99296,-68.70798,22.05747,31.32346,-253.4153,126.1108,26.24859,-159.3514,95.0285,118.7152,-80.4872,-16.17382,390.3119,-32.00639,119.6164,-115.0345,17.28655,-261.2585,79.34903,188.9673,-311.1043,-100.8824,188.4891,59.99913,-19.12854,-90.56508,81.87212,-47.80967,55.97997,-83.14434,-0.4443211,-42.85157,92.67809,12.36936,2.303967,9.644893,25.33055,38.74611,42.16571,25.55192,5.127825,0,0,0,0,0,0
2277.057,-2660.159,1671.304,162.8696,2610.581,359.7384,-1012.909,6.544578,-1361.946,-628.9074,-337.7434,124.5282,-62.60184,1052.104,-70.96289,439.1265,197.9101,-863.3599,548.6709,-61.61879,268.5212,472.4149,541.1891,615.535,327.2611,423.4636,20.5167,-166.6808,-331.7043,250.0577,386.7022,44.52058,366.9369,-213.1527,-46.66852,176.9161,86.6731,145.7602,161.0472,132.4972,-419.0367,168.5471,250.0023,69.22858,-284.6701,-294.2419,184.9622,263.7347,451.53,167.8439,-392.0281,-154.1465,655.4943,-196.7868,-367.0259,282.6533,-320.302,86.73438,19.78345,-23.84695,-148.3454,207.8116,37.04402,-127.9396,-103.6505,176.3521,-15.01017,32.41572,-161.7983,-99.22256,134.203,-52.68693,143.0517,-40.05134,-32.11525,-13.326,106.2841,25.50063,20.58271,-49.19389,178.1956,47.11549,85.49134,-41.37538,8.605824,3.121523,60.86088,43.21141,-28.99216,-50.81852,4.104206,4.573289,22.11862,26.27534,-7.36853,0,0,0,0,0,0
2552.397,-1831.418,140.9367,1503.457,483.4207,27.72793,-892.3845,-980.0995,-243.6327,212.466,208.1086,4.777608,79.36282,-783.5217,-254.3836,845.3433,-17.22261,-592.6514,-289.1233,791.9333,-120.3454,-523.8501,391.3878,-1239.794,-0.6848271,-1096.307,-1274.519,4.314548,425.4948,-361.5998,202.754,330.0545,450.1564,-491.5657,522.1784,334.3769,51.97847,441.6317,283.2375,-105.2601,-7.379239,232.2604,-26.07101,-408.0246,293.4976,93.09027,166.3232,35.33562,-68.57542,203.4588,1.444908,207.1865,-63.73701,-279.9468,-31.21991,31.96419,-106.4412,92.38589,-188.1559,-94.37292,-43.72436,-64.5529,31.52839,-25.60921,-8.935284,33.55236,4.427481,-40.25965,-86.98068,-4.689643,-18.50242,-46.43456,-74.02999,-53.76683,-20.4091,6.576599,29.49769,32.23412,54.34438,18.7025,-30.73854,32.25742,-14.71602,28.06108,10.2762,-78.14285,43.46065,53.76097,37.35032,23.19529,-35.14431,27.39246,10.45737,24.24395,27.13696,0,0,0,0,0,0
4190.432,-2007.512,-1578.057,1771.572,178.4211,-13.99653,-2237.44,-153.9138,266.6639,561.6279,563.11,36.26559,183.0921,-484.0218,-130.3577,-781.9216,151.3213,562.5366,-538.7699,451.2015,265.2534,715.1932,-1048.872,574.1254,628.3231,-264.788,636.9438,36.84378,416.7244,-351.5321,-640.3127,-176.7814,-711.1284,-492.7416,-74.86094,444.3539,161.8186,787.0247,219.8793,66.75594,218.9345,474.1874,2.761008,198.4932,-267.1006,-23.05893,37.75207,136.4311,-164.183,-263.2839,-82.35744,-147.6575,163.508,-11.13514,14.79838,-46.68735,10.45602,136.6795,-155.4925,-156.4154,-46.25332,11.60164,54.57319,113.5197,21.55271,178.994,-67.90937,-50.69646,7.208456,-25.45725,41.22055,-66.36002,24.50966,-62.70684,-1.082257,-37.86039,-63.3006,-18.255,-12.15146,-32.95916,30.92618,51.82481,-66.04057,27.01608,19.25736,17.41493,-17.87739,-9.308129,8.937212,6.340667,7.245209,-14.62363,34.73516,-18.25643,-6.560221,0,0,0,0,0,0
2801.017,-306.0785,-1959.069,1354.794,845.6609,-686.7898,-1610.364,-179.6298,1252.603,700.4305,243.7026,181.3127,526.0197,-485.0519,163.9099,342.3903,539.4323,337.3067,-412.205,121.2516,-423.0164,145.5408,863.5776,-83.9092,-555.7884,177.6158,-91.44348,387.0262,66.503,-170.8114,-456.8209,147.4054,503.218,780.4864,-28.80265,-687.3597,274.9919,-174.2463,569.303,746.8882,-66.31668,132.8073,321.2012,522.3376,-557.1403,-471.1216,-153.8254,-149.3694,174.6575,143.6622,-41.36158,134.0137,-190.8798,-24.03978,-192.9764,-12.34404,196.9923,-167.1214,79.2757,84.15985,-27.01629,2.89048,105.3085,0.3259292,141.2405,-66.8643,-35.34581,-97.49261,39.24917,-25.67802,-108.5892,13.31549,-73.96554,81.82914,-84.70589,-11.40377,15.44823,4.439375,-41.79591,34.04272,-7.092097,-26.35108,26.11178,35.56388,30.61864,28.89381,-27.54798,26.35081,-13.79358,16.11543,-15.52532,29.68754,8.373508,-7.727852,1.62522,0,0,0,0,0,0
3679.96,460.2294,-1583.141,1611.179,520.303,-292.3167,-1645.826,189.1898,20.04503,931.0291,324.7905,-175.3888,-318.5082,-42.79426,157.4164,961.9459,646.0992,-201.6381,-1120.928,30.80015,-145.2593,-99.82717,-177.8442,-352.0885,195.6079,-159.185,317.4803,132.492,-364.1315,609.7413,963.8854,156.9253,-307.1334,-356.3419,-309.2588,-28.41225,41.19044,-616.6654,-690.1593,-57.47052,-110.9998,-151.7724,124.0224,168.1551,133.0852,328.3211,-115.8126,-158.4338,657.9041,-289.6368,430.286,-264.5412,86.63354,-47.5512,-32.83312,-266.6821,253.8089,-183.653,-62.62928,-282.6703,155.5323,57.01872,-106.9002,80.13983,-96.48878,19.18733,8.478947,-23.80965,94.00002,18.86988,83.90279,93.51388,-65.08869,-37.83092,12.11246,-0.3647021,2.752107,-54.13088,-16.03557,-17.99812,73.05513,-15.96486,25.47685,-1.34342,-31.80034,-47.6274,-32.09368,-8.683338,-6.382817,6.624024,-21.54363,14.68856,-12.12911,32.18428,20.1817,0,0,0,0,0,0
4123.513,-2122.897,-1668.653,1579.436,307.2091,326.9055,-1884.98,-228.453,285.0814,790.0731,175.4914,180.8709,224.7016,-550.994,221.1922,163.7495,574.4266,382.1453,-375.4879,-75.20191,-349.9008,148.4505,241.4829,-44.82871,-236.2942,343.3931,258.3256,188.9579,-452.632,163.7828,148.0351,-620.7949,581.5587,-84.30858,-251.5164,-46.8175,-289.1885,-5.583264,-340.7193,-363.0918,85.78235,-469.1464,-289.1009,-365.7979,439.9527,-53.62571,12.57287,140.6989,-640.8507,127.1057,-230.5036,-109.08,-33.65032,320.8311,205.4922,435.0755,-344.9983,179.4237,429.7814,497.2668,-61.96408,-59.94204,-69.48097,-183.2651,48.95853,30.48704,32.63054,236.053,-22.31476,44.23126,-2.752607,-18.04879,184.7147,-5.265411,138.8974,-10.06822,3.389478,29.50783,-41.0015,-80.65775,-25.79417,-54.31399,-15.31434,-57.82195,-1.599022,68.96844,19.14508,-60.04186,14.78014,1.288271,1.930569,-21.55335,-53.51156,-26.61203,-2.111029,0,0,0,0,0,0
516.8967,-102.0406,1295.296,-422.1679,561.4382,353.0027,561.5946,143.4347,-738.9395,157.1089,547.6515,-38.85829,-366.6711,541.0113,-100.5274,16.14432,-93.68276,814.8086,-449.1736,-760.4363,-173.3655,307.4881,246.4228,-157.4949,-57.19027,-103.0466,50.58739,260.4162,219.1427,55.23494,126.0546,175.8888,121.6345,-291.633,-21.38142,-213.2986,539.7101,55.20201,23.294,151.1533,44.1329,200.3618,-378.4102,128.8098,67.12797,-88.50696,15.36435,162.049,-27.03171,233.0592,-256.3211,-16.82333,-101.9064,68.11183,423.7992,-16.86638,116.1747,-117.8282,-239.8911,276.2559,497.7861,138.097,-426.0456,-271.233,-168.0149,-40.62942,-444.8418,-157.3648,369.1686,-63.41143,105.3042,-403.1243,-78.59595,-484.1107,-97.34407,71.29595,172.0827,169.7415,89.17623,-50.74443,-28.77968,218.5936,34.23735,48.99541,-10.5259,67.2765,-36.16546,-42.95354,36.26394,68.35089,-65.27554,8.067539,-44.67444,-4.769895,-75.95649,0,0,0,0,0,0
1419.521,1437.138,685.0845,166.6542,492.6937,85.43679,681.6154,27.92533,-287.9206,15.69066,480.8241,-241.277,-85.48265,508.9578,-310.6038,115.0183,267.998,161.2486,-744.7007,-92.19196,-217.0152,128.7402,-290.98,405.3833,-300.391,-255.1555,18.9405,-144.6341,250.1268,-559.2979,159.2945,314.8093,-31.04242,100.0349,100.4803,-15.00624,-211.5909,-265.5688,91.08102,8.667793,-180.4925,-103.9422,172.2982,-28.04631,-7.513255,-74.35101,-111.2014,137.4031,26.28503,-145.3108,115.4718,308.6888,79.90136,96.50241,93.41231,132.0926,-110.6604,-57.15513,-30.96565,139.6215,-348.8599,38.83271,235.7047,77.8867,-150.8149,216.2331,65.4555,-67.58807,-52.72258,-53.72292,-143.3685,-6.157414,5.530458,-42.12955,136.8312,-298.3663,178.1662,-295.3199,100.2341,-186.6172,-413.8058,224.1121,-39.04132,-365.1503,-632.4744,106.6761,-57.9847,-9.961793,46.17336,102.209,-28.09831,20.36443,-97.14812,18.91541,-37.4997,0,0,0,0,0,0
1689.777,-846.1013,1176.502,-83.80559,556.4048,230.9563,630.7377,438.3094,-1020.596,440.2873,1048.163,-263.8574,-326.0711,877.0778,-49.06041,-77.39931,300.9473,829.4587,-762.2903,-566.8254,100.857,202.097,-246.0109,440.8677,-672.9708,-443.0602,-187.6685,136.1417,162.3606,-458.2784,557.7506,-84.63827,-45.07668,0.144714,-62.52117,-51.64074,-115.8314,-55.69929,407.1848,22.86197,250.2629,36.83694,116.874,81.84187,-79.81652,308.3277,-100.1022,-253.7718,-64.89031,-82.58994,115.4623,269.7791,-214.1873,-11.60748,-36.87573,-72.3998,-146.3468,435.2251,246.42,71.29265,-59.83814,153.6595,63.73876,-3.431527,-104.5368,-278.5565,266.3627,-85.59596,-484.2629,-216.3757,97.16227,194.4661,101.3116,6.084379,-23.97906,378.3619,-220.2752,147.332,155.391,126.1125,258.0263,-98.18112,210.7924,67.34898,131.001,76.08512,-16.40688,31.71033,84.35217,83.5691,-73.08365,-40.93082,37.89493,1.058717,11.21405,0,0,0,0,0,0
1832.858,2225.201,-771.97,-116.8894,178.2617,728.6472,380.984,-98.24749,213.2103,-212.8859,69.28924,163.9081,-302.5181,415.5854,-184.9165,342.0543,-151.2638,302.5688,-228.8579,-297.2961,-195.3198,380.3736,-48.64478,143.8976,-171.0127,110.4587,-217.1219,126.6175,441.8034,-214.3667,-65.2881,236.8804,331.5253,44.68206,41.64743,-333.9654,106.4754,277.7945,-388.4694,6.661886,-223.7382,122.7717,-108.0524,-62.82286,172.0855,-94.72689,89.25771,287.1927,9.481453,-203.8713,-3.133382,-45.72895,52.17492,-84.94586,8.046927,-42.23822,-189.8049,-342.044,-289.1713,-35.49375,34.73306,168.6561,-47.45411,-0.9344863,214.9003,-255.8146,219.9146,138.4385,100.0915,-208.9588,145.9047,85.7056,550.4481,-125.7829,-159.4455,-92.9912,-557.8116,-314.0717,-117.0658,275.3627,-53.41671,-104.8578,-347.0619,-179.1172,138.2338,-255.4188,5.52086,-100.371,-71.62309,-70.47977,43.57079,38.63894,-68.60833,24.75818,76.34511,0,0,0,0,0,0
1293.263,176.1806,1431.969,-269.9729,674.4857,403.8093,754.1921,50.33262,-733.9233,368.8349,567.3378,-294.3405,-376.6313,613.61,-279.5767,-82.24434,36.73493,606.4345,-621.1691,-481.4432,-186.2673,321.1249,136.7536,342.9029,-173.2657,-395.3866,-48.76325,-157.5236,253.0811,-44.33436,261.4297,22.74773,-19.77595,-118.7329,155.4957,-228.7021,115.6277,122.8609,-68.68081,81.52602,1.021313,-163.6276,-84.26194,34.14963,294.0177,6.461317,209.4997,357.6059,91.69505,-22.43349,-187.5614,25.73603,-27.73635,-163.5846,19.02522,-158.9843,269.3498,0.3532849,80.84036,5.986541,-254.7508,46.382,172.7429,29.03145,541.7813,310.6678,-16.16249,448.7224,144.2042,560.2489,-382.036,56.8223,-165.4398,278.9267,-34.1655,-241.2784,249.9782,14.16347,-223.0839,22.37985,39.95458,-136.093,-66.33113,235.3617,213.7982,-18.48227,68.27267,46.94062,8.847297,-104.987,58.77532,-35.4137,121.0461,-7.652131,-68.07607,0,0,0,0,0,0
2824.19,1239.694,2407.317,235.3313,999.3409,-1025.298,772.6391,-390.4653,-1106.124,368.6436,-78.65268,-962.48,-707.637,-782.2244,-32.28494,583.3729,-126.1308,-80.15422,226.83,-170.455,-374.9266,-126.2345,-222.3633,-259.2166,273.0309,-724.0428,-269.3279,69.15165,-267.2054,430.3448,-756.2875,-101.5783,-396.0967,444.7978,-126.6432,150.4738,69.75222,-391.9677,-348.8633,396.7792,41.88276,295.8002,703.7896,-354.8424,-424.3839,269.5119,104.8327,272.3318,-426.9364,77.47108,86.86005,-303.6866,386.5385,421.3061,111.9269,-12.19709,115.568,26.50158,116.3845,348.2156,-212.4888,263.5138,-138.5595,94.76718,111.789,-172.6302,-95.57671,66.47657,34.28354,-79.13756,10.13496,16.22528,13.14079,-33.67983,-20.54123,-69.4248,-132.5822,-34.54242,-16.51574,62.84834,24.34326,-12.02115,96.82291,29.34282,2.754078,2.065056,-10.29313,32.01705,10.9328,-23.46223,-51.4307,35.65619,55.10771,-8.594416,-18.98323,0,0,0,0,0,0
2415.618,-1031.877,450.5201,50.81618,269.6271,-2228.713,580.5759,807.6246,244.9223,-615.9001,-533.3672,-217.9637,-42.96241,-1195.063,379.0995,139.6583,593.9794,957.8574,716.5941,311.7869,102.3272,-74.28153,303.4012,144.5745,-146.1227,629.9313,349.0048,651.5292,516.8503,-271.9213,-189.0035,579.0365,70.28835,-799.9038,494.6324,280.5345,-930.8395,-208.103,-15.98914,145.7454,-38.66522,-355.4311,-228.2396,67.74837,-152.9556,384.3325,120.9645,320.0084,321.0154,79.86913,168.563,209.8587,206.8691,-42.98367,29.75465,-133.032,20.22618,-155.3798,97.05167,242.1835,26.14341,279.5914,-1.226812,-17.98322,-27.461,68.28202,-82.12875,31.03737,-110.9677,80.97077,34.1596,-23.33957,-41.0925,18.23007,-207.4582,23.57795,-78.00523,36.57773,-1.779346,47.38356,-18.99939,-24.06829,25.36817,47.9127,45.22744,41.5899,-34.74605,-15.26062,26.43961,25.5973,0.1209061,-81.83816,-25.96169,-19.52366,6.910748,0,0,0,0,0,0
3600.855,-1795.527,1386.636,-672.1883,359.5055,-1276.892,1061.282,85.18835,-891.5614,663.5809,-87.08887,-288.208,-707.9092,-1054.092,398.1622,351.201,351.7024,609.6397,240.1443,-234.2943,-160.849,141.6563,-224.9845,405.7368,95.65128,150.5944,-55.79928,225.5663,4.020606,-21.76276,-7.812856,-276.251,188.4144,367.2317,-25.9187,156.9685,-205.4859,22.806,-244.2288,120.5851,208.1492,-14.49107,191.9335,-162.5287,40.40132,37.77344,-147.9744,-284.3243,-55.64201,28.48936,-54.06347,197.2393,-256.0489,27.14176,-489.6608,406.4212,-109.7383,114.0506,-542.1477,-578.5402,521.4426,-129.0672,26.24973,-301.2815,261.9709,180.6371,-2.354498,-149.16,2.296373,-8.401487,21.83646,126.9622,172.3611,59.57565,258.8553,25.16623,294.1699,21.43399,-89.37399,-96.46907,-21.49011,49.88278,-114.5585,-130.2096,51.4083,-138.2371,-83.608,32.6574,-69.79768,57.40584,58.90223,43.93964,26.0242,-76.6292,-34.10747,0,0,0,0,0,0
2919.506,-2827.546,667.2726,-1131.959,480.4277,-1778.985,707.1097,180.7208,-290.7447,-51.93296,-243.5195,-36.82492,-76.25217,-895.7487,422.7918,-176.0902,348.5093,719.8789,69.91367,356.1921,467.1374,60.02177,-248.0233,-109.6198,373.1528,0.6414443,-61.83376,-227.1894,-188.5108,-344.7978,45.19398,-132.1458,10.00485,572.2745,-479.7729,-50.34145,597.9962,390.6046,-111.0845,-268.0616,-534.8955,-55.05321,261.0039,-187.7897,266.8409,49.07674,-665.8665,-25.59637,211.3444,-134.636,-177.1916,156.7478,-69.20108,-520.5942,87.84067,-114.2099,-371.0404,-390.633,81.15277,132.2032,-190.8342,-3.900271,-211.4711,75.16783,-217.6108,-33.79306,348.6278,120.8444,159.2346,123.1742,21.45918,-224.6111,-268.3765,-41.91133,-39.34079,-0.2942013,-40.6422,-16.57287,118.0009,26.5675,46.90503,-203.0515,102.9338,60.87831,-29.17369,100.6507,-22.18578,-51.97305,-19.36863,-29.47613,47.08525,-18.69843,-67.94354,41.49673,19.37558,0,0,0,0,0,0
2132.971,-377.7031,649.9111,-764.8705,943.4594,-1733.087,950.6693,-324.2679,-32.65357,9.973825,-340.095,-208.675,-37.17627,-1138.154,319.5459,-20.61402,258.5414,449.8233,672.7949,441.6827,-151.0647,110.6777,31.68857,-134.5435,444.9569,37.04863,160.3802,-578.1382,172.9925,-335.1864,839.0848,42.25521,18.96707,230.9241,326.8588,-171.6801,693.5895,58.59896,-326.153,-27.5202,-32.42002,68.99638,-415.7505,449.0251,233.1206,-503.5962,389.4621,-253.4149,71.75125,18.90263,-93.29689,-303.2193,62.17442,438.5641,309.5205,-125.2223,208.1543,426.2661,336.7899,-178.3491,-107.6431,-182.4218,409.0821,146.2418,44.68261,-44.8541,-121.5626,-25.5346,-129.0088,-161.8062,27.15492,57.35535,141.4717,-70.62503,-108.0361,-35.09453,-100.9841,17.91553,9.380753,27.6958,26.46166,127.9706,-0.9152679,-24.51852,-71.37206,-29.95207,40.86462,-7.557237,53.86224,-23.62678,-52.03343,14.07018,-12.9886,49.77945,-0.9995416,0,0,0,0,0,0
